departmentcode,year,Average years of education,Constant GDP,Constant GDP (excluding Mining),Education Index,Expected Years of Life Index,Expected years of schooling,Expected years of schooling-standardized,GDP per capita,GDP per capita (PPP),GDP per capita (excluding Mining),GDP per capita index,Human Development Index,Intermediate school net coverage,Life expectancy at birth,Primary Net Coverage (6-10 years old),Secondary net coverage - ages 11 to 14,Standardized Index GDP per capita Mining PPP,Standardized Index for Life Expectancy,Standardized average years of education,Years of intermediate education (15 to 16 years),Years of primary education (6 to 10 years),Years of secondary education (11 to 14 years),department,region
5,2011,6.193,9.58E+13,9.36E+13,0.475,0.833,9.66,0.537,16314560.83,13653.245,15950308.48,0.746,0.636,44.37,74.12,94.12,75.68,0.743,0.833,0.413,0.887,4.706,3.027,Antioquia,Andina
5,2012,6.691,9.96E+13,9.7E+13,0.488,0.836,9.542,0.53,16784066.98,13581.203,16346135.01,0.746,0.637,43.5,74.32,92.65,74.84,0.742,0.836,0.446,0.87,4.633,2.994,Antioquia,Andina
5,2013,6.856,1.04E+14,1.01E+14,0.499,0.839,9.737,0.541,17331979.09,13984.604,16874929.07,0.75,0.641,42.71,74.53,91.53,75.66,0.746,0.839,0.457,0.854,4.577,3.026,Antioquia,Andina
5,2014,6.688,1.11E+14,1.08E+14,0.494,0.842,9.748,0.542,18317537.77,14631.661,17859512.58,0.757,0.639,41.79,74.72,90.68,75.13,0.753,0.842,0.446,0.836,4.534,3.005,Antioquia,Andina
5,2015,7.589,1.15E+14,1.13E+14,0.523,0.845,9.706,0.539,18817789.96,14431.64,18421690.52,0.754,0.646,42.61,74.92,89.02,74.17,0.751,0.845,0.506,0.852,4.451,2.967,Antioquia,Andina
5,2016,7.743,1.19E+14,1.16E+14,0.519,0.848,9.404,0.522,19166060.91,14442.618,18748577.26,0.754,0.649,43.42,75.11,86.84,73.59,0.751,0.848,0.516,0.868,4.342,2.944,Antioquia,Andina
5,2017,8.302,1.21E+14,1.19E+14,0.53,0.851,9.116,0.506,19211733.02,14204.693,18864068.03,0.751,0.64,42.85,75.3,83.3,73.93,0.749,0.851,0.553,0.857,4.165,2.957,Antioquia,Andina
5,2018,8.301,1.25E+14,1.23E+14,0.555,0.86,10.014,0.556,19536594.98,14516.199,19192746.05,0.755,0.639,43.83,75.92,91.89,81.29,0.752,0.86,0.553,0.877,4.595,3.252,Antioquia,Andina
5,2019,8.423,1.3E+14,1.27E+14,0.555,0.862,9.868,0.548,19796626.35,14624.613,19461810.36,0.756,0.638,45.04,76.03,90.24,82.6,0.753,0.862,0.562,0.901,4.512,3.304,Antioquia,Andina
5,2020,8.177,1.21E+14,1.18E+14,0.539,0.864,9.604,0.534,18193443.53,13723.399,17800626.1,0.747,0.606,47.45,76.19,88.26,83.38,0.743,0.864,0.545,0.949,4.413,3.335,Antioquia,Andina
5,2021,8.3,1.38E+14,1.35E+14,0.548,0.82,9.781,0.543,20457494.45,14789.937,20016402.16,0.758,0.638,49.85,73.3,87.05,82.8,0.755,0.82,0.553,0.997,4.353,3.312,Antioquia,Andina
5,2022,8.31,1.47E+14,1.44E+14,0.554,0.849,9.964,0.554,21667188.65,15235.272,21192260.38,0.763,0.628,52.35,75.17,88.54,81.83,0.759,0.849,0.554,1.047,4.427,3.273,Antioquia,Andina
8,2011,7.038,2.81E+13,2.81E+13,0.54,0.856,11.01,0.612,12287824.83,10505.117,12272529.83,0.703,0.69,50.17,75.66,98.93,80.22,0.703,0.856,0.469,1.003,4.947,3.209,Atlántico,Caribe
8,2012,7.134,3.01E+13,3E+13,0.512,0.859,9.874,0.549,12985459.75,10771.03,12963851.9,0.707,0.686,45.86,75.81,89.05,76.73,0.707,0.859,0.476,0.917,4.453,3.069,Atlántico,Caribe
8,2013,7.35,3.17E+13,3.16E+13,0.514,0.861,9.698,0.539,13523836.5,11188.421,13500833.92,0.713,0.687,43.94,75.95,83.23,74.1,0.713,0.861,0.49,0.879,4.162,2.964,Atlántico,Caribe
8,2014,7.4,3.38E+13,3.37E+13,0.514,0.863,9.63,0.535,14268581.62,11665.176,14238598.5,0.719,0.679,44.17,76.1,81.1,74.83,0.719,0.863,0.493,0.883,4.055,2.993,Atlántico,Caribe
8,2015,8.833,3.57E+13,3.56E+13,0.575,0.865,10.096,0.561,14921848.82,11658.383,14881685.94,0.719,0.687,45.61,76.24,82.12,74.28,0.719,0.865,0.589,0.912,4.106,2.971,Atlántico,Caribe
8,2016,9.062,3.63E+13,3.62E+13,0.582,0.867,10.093,0.561,14975974.94,11504.011,14933846.32,0.717,0.69,50.37,76.38,85.78,75.45,0.717,0.867,0.604,1.007,4.289,3.018,Atlántico,Caribe
8,2017,9.25,3.68E+13,3.67E+13,0.59,0.87,10.13,0.563,14899883.52,11187.461,14857133.95,0.713,0.679,50.84,76.52,87.59,76.65,0.713,0.87,0.617,1.017,4.38,3.066,Atlántico,Caribe
8,2018,9.056,3.76E+13,3.75E+13,0.584,0.882,10.161,0.564,14833127.12,11187.168,14791231.8,0.713,0.697,49.27,77.34,89.02,76.55,0.713,0.882,0.604,0.985,4.451,3.062,Atlántico,Caribe
8,2019,9.011,3.87E+13,3.86E+13,0.586,0.883,10.276,0.571,14665572.1,10987.552,14621765.85,0.71,0.695,48.95,77.42,89.36,76.94,0.71,0.883,0.601,0.979,4.468,3.078,Atlántico,Caribe
8,2020,9.282,3.62E+13,3.61E+13,0.591,0.815,10.145,0.564,13427729.75,10324.027,13391299.53,0.701,0.688,49.83,73,89.39,78.67,0.7,0.815,0.619,0.997,4.47,3.147,Atlántico,Caribe
8,2021,9.446,4.08E+13,4.07E+13,0.599,0.784,10.217,0.568,14879109.58,10964.137,14838641.95,0.71,0.674,51.45,70.97,89.7,80.98,0.71,0.784,0.63,1.029,4.485,3.239,Atlántico,Caribe
8,2022,9.455,4.46E+13,4.45E+13,0.612,0.825,10.673,0.593,16064763.42,11518.877,16022756.34,0.717,0.674,53.05,73.62,89.56,80.09,0.717,0.825,0.63,1.061,4.478,3.204,Atlántico,Caribe
11,2011,9.719,1.77E+14,1.77E+14,0.616,0.88,10.499,0.583,24727837.76,21128.612,24683353.59,0.809,0.7,55.01,77.18,86.99,84.7,0.809,0.88,0.648,1.1,4.35,3.388,Bogota Capital District,Andina
11,2012,9.816,1.83E+14,1.83E+14,0.61,0.883,10.175,0.565,25445285.73,21111.515,25409507.62,0.809,0.693,51.78,77.39,83.97,81.47,0.809,0.883,0.654,1.036,4.199,3.259,Bogota Capital District,Andina
11,2013,9.941,1.9E+14,1.9E+14,0.611,0.886,10.057,0.559,26307268.32,21773.664,26273824.62,0.813,0.696,52.67,77.61,79.32,79.72,0.813,0.886,0.663,1.053,3.966,3.189,Bogota Capital District,Andina
11,2014,9.949,1.99E+14,1.99E+14,0.603,0.89,9.756,0.542,27436508.26,22447.967,27400152.25,0.818,0.699,49.97,77.82,76.77,75.23,0.818,0.89,0.663,0.999,3.839,3.009,Bogota Capital District,Andina
11,2015,10.441,2.06E+14,2.06E+14,0.627,0.893,10.042,0.558,28388682.24,22205.121,28344378.84,0.816,0.72,50.61,78.03,78.94,74.89,0.816,0.893,0.696,1.012,3.947,2.996,Bogota Capital District,Andina
11,2016,10.487,2.11E+14,2.1E+14,0.627,0.896,9.981,0.554,28857051.8,22193.857,28810791.31,0.816,0.722,49.73,78.24,79.04,72.6,0.816,0.896,0.699,0.995,3.952,2.904,Bogota Capital District,Andina
11,2017,10.149,2.14E+14,2.14E+14,0.607,0.899,9.677,0.538,29231370.47,21976.15,29184693.24,0.815,0.724,49.3,78.44,78.53,71.47,0.815,0.899,0.677,0.986,3.927,2.859,Bogota Capital District,Andina
11,2018,9.991,2.22E+14,2.21E+14,0.654,0.914,11.539,0.641,29902194.21,22581.102,29855841.5,0.819,0.726,56.01,79.43,97.81,85.97,0.819,0.914,0.666,1.12,4.891,3.439,Bogota Capital District,Andina
11,2019,10.261,2.29E+14,2.29E+14,0.657,0.915,11.347,0.63,30201192.91,22659.862,30154777.89,0.819,0.727,55.49,79.49,96.22,87.52,0.819,0.915,0.684,1.11,4.811,3.501,Bogota Capital District,Andina
11,2020,10.037,2.14E+14,2.14E+14,0.645,0.876,11.175,0.621,27679325.34,21314.209,27646668.93,0.81,0.702,57.3,76.91,93.79,89.06,0.81,0.876,0.669,1.146,4.69,3.562,Bogota Capital District,Andina
11,2021,10.16,2.38E+14,2.38E+14,0.643,0.846,10.963,0.609,30434410.54,22465.635,30404537.46,0.818,0.698,58.84,75.02,89.92,89.19,0.818,0.846,0.677,1.177,4.496,3.568,Bogota Capital District,Andina
11,2022,10.296,2.61E+14,2.6E+14,0.654,0.878,11.191,0.622,33123168.76,23783.165,33082379.5,0.827,0.718,62.05,77.08,87.75,88.64,0.827,0.878,0.686,1.241,4.388,3.546,Bogota Capital District,Andina
13,2011,6.567,2.52E+13,2.43E+13,0.479,0.844,9.362,0.52,13058749.88,10790.912,12606407.82,0.712,0.768,39.17,74.86,90.81,67.34,0.707,0.844,0.438,0.783,4.541,2.694,Bolívar,Caribe
13,2012,6.656,2.58E+13,2.5E+13,0.469,0.847,8.909,0.495,13261564.74,10664.8,12835995.77,0.71,0.767,38.08,75.04,87.67,68.02,0.705,0.847,0.444,0.762,4.384,2.721,Bolívar,Caribe
13,2013,6.858,2.83E+13,2.75E+13,0.484,0.85,9.187,0.51,14453034.15,11637.882,14043189.12,0.723,0.77,38.27,75.23,87.5,70.4,0.719,0.85,0.457,0.765,4.375,2.816,Bolívar,Caribe
13,2014,6.905,2.78E+13,2.72E+13,0.483,0.853,9.096,0.505,14054695.48,11261.308,13745634.86,0.717,0.77,37.69,75.42,85.29,71.09,0.714,0.853,0.46,0.754,4.265,2.844,Bolívar,Caribe
13,2015,8.242,2.81E+13,2.74E+13,0.539,0.855,9.526,0.529,14096587,10777.235,13756918.23,0.711,0.779,39.34,75.6,87.33,71.05,0.707,0.855,0.549,0.787,4.367,2.842,Bolívar,Caribe
13,2016,8.455,2.93E+13,2.86E+13,0.542,0.858,9.383,0.521,14547697.88,10926.999,14184803.17,0.713,0.78,42.55,75.77,88.01,70.99,0.709,0.858,0.564,0.851,4.401,2.84,Bolívar,Caribe
13,2017,8.63,3.03E+13,2.96E+13,0.549,0.861,9.402,0.522,14870082.42,10935.001,14521862.68,0.713,0.774,43.18,75.95,88.22,72.96,0.709,0.861,0.575,0.864,4.411,2.918,Bolívar,Caribe
13,2018,8.546,3.08E+13,3.01E+13,0.566,0.866,10.103,0.561,14880411.32,10990.427,14531108.46,0.713,0.796,44.17,76.29,97.25,79.38,0.71,0.866,0.57,0.883,4.863,3.175,Bolívar,Caribe
13,2019,8.528,3.19E+13,3.11E+13,0.571,0.867,10.335,0.574,14982199.58,10968.909,14596955.79,0.714,0.797,45.43,76.38,97.81,80.64,0.71,0.867,0.569,0.909,4.891,3.226,Bolívar,Caribe
13,2020,8.765,2.86E+13,2.79E+13,0.576,0.835,10.231,0.568,13179228.27,9905.195,12848032.31,0.698,0.777,47.79,74.25,96.52,81.8,0.694,0.835,0.584,0.956,4.826,3.272,Bolívar,Caribe
13,2021,8.73,3.26E+13,3.19E+13,0.578,0.828,10.343,0.575,14817912.13,10692.112,14470487.83,0.709,0.769,50.46,73.85,96.68,83.48,0.706,0.828,0.582,1.009,4.834,3.339,Bolívar,Caribe
13,2022,8.581,3.54E+13,3.48E+13,0.576,0.853,10.436,0.58,15913515.91,11237.52,15631387.99,0.716,0.786,51.06,75.47,97.69,82.89,0.713,0.853,0.572,1.021,4.885,3.316,Bolívar,Caribe
15,2011,6.283,1.9E+13,1.72E+13,0.466,0.865,9.234,0.513,16203935.27,12565.471,14679524.4,0.745,0.678,49.09,76.2,82.5,74.65,0.73,0.865,0.419,0.982,4.125,2.986,Boyacá,Andina
15,2012,6.436,1.96E+13,1.77E+13,0.469,0.867,9.164,0.509,16628630.27,12522.703,15072139.52,0.744,0.675,48.24,76.35,81.46,74.61,0.73,0.867,0.429,0.965,4.073,2.984,Boyacá,Andina
15,2013,6.525,2.01E+13,1.83E+13,0.47,0.869,9.099,0.506,17034288,12803.395,15449589.44,0.748,0.685,48.43,76.51,81.56,75.09,0.733,0.869,0.435,0.969,4.078,3.004,Boyacá,Andina
15,2014,6.622,2.1E+13,1.9E+13,0.481,0.872,9.355,0.52,17676206.13,13107.985,15999701.8,0.752,0.684,48.36,76.66,80.59,74.9,0.737,0.872,0.441,0.967,4.03,2.996,Boyacá,Andina
15,2015,7.426,2.22E+13,2.01E+13,0.507,0.874,9.332,0.518,18575739.12,13167.783,16808403.33,0.752,0.702,48.61,76.81,80.65,74.22,0.737,0.874,0.495,0.972,4.033,2.969,Boyacá,Andina
15,2016,7.688,2.23E+13,2.04E+13,0.515,0.876,9.324,0.518,18618045.05,13082.661,16983159.96,0.75,0.704,50.36,76.96,81.48,74.7,0.736,0.876,0.513,1.007,4.074,2.988,Boyacá,Andina
15,2017,8.164,2.26E+13,2.08E+13,0.535,0.878,9.462,0.526,18692631.05,12945.596,17191966.92,0.747,0.707,50.1,77.1,81.41,75.23,0.735,0.878,0.544,1.002,4.071,3.009,Boyacá,Andina
15,2018,7.986,2.32E+13,2.15E+13,0.565,0.882,10.755,0.597,19087535.63,13328.333,17622196,0.751,0.715,57.96,77.31,92.85,89.25,0.739,0.882,0.532,1.159,4.643,3.57,Boyacá,Andina
15,2019,7.872,2.37E+13,2.21E+13,0.56,0.883,10.722,0.596,19280356.65,13472.781,17929002.67,0.752,0.717,59.33,77.4,92.04,90.11,0.741,0.883,0.525,1.187,4.602,3.604,Boyacá,Andina
15,2020,8.412,2.15E+13,2.01E+13,0.573,0.905,10.536,0.585,17103368.31,12302.495,15957571,0.737,0.703,58.72,78.81,90.33,89.76,0.727,0.905,0.561,1.174,4.517,3.59,Boyacá,Andina
15,2021,8.33,2.35E+13,2.22E+13,0.58,0.863,10.901,0.606,18455351.28,12899.39,17457774.22,0.742,0.705,59.26,76.07,89.56,91.09,0.734,0.863,0.555,1.185,4.478,3.644,Boyacá,Andina
15,2022,8.218,2.5E+13,2.35E+13,0.565,0.89,10.468,0.582,19438701.89,13174.831,18326187.97,0.746,0.715,59.45,77.87,88.65,87.7,0.737,0.89,0.548,1.189,4.433,3.508,Boyacá,Andina
17,2011,6.649,1.07E+13,1.06E+13,0.482,0.851,9.376,0.521,10875464.47,9202.547,10750811.1,0.685,0.692,45.38,75.34,83.86,73.41,0.683,0.851,0.443,0.908,4.193,2.936,Caldas,Andina
17,2012,6.399,1.08E+13,1.06E+13,0.46,0.857,8.887,0.494,10964537.81,8988.144,10817997.17,0.682,0.693,43.83,75.69,81.03,72,0.68,0.857,0.427,0.877,4.052,2.88,Caldas,Andina
17,2013,6.499,1.15E+13,1.13E+13,0.459,0.862,8.714,0.484,11665798.94,9540.435,11512243.42,0.691,0.696,44.6,76.04,78.2,70.78,0.689,0.862,0.433,0.892,3.91,2.831,Caldas,Andina
17,2014,6.431,1.21E+13,1.19E+13,0.459,0.867,8.807,0.489,12316542.91,9949.561,12144506.7,0.697,0.701,43.68,76.38,76.53,70.6,0.695,0.867,0.429,0.874,3.827,2.824,Caldas,Andina
17,2015,7.311,1.25E+13,1.24E+13,0.486,0.872,8.717,0.484,12712322.47,9846.408,12568736.51,0.695,0.711,43.55,76.71,74.53,69.24,0.693,0.872,0.487,0.871,3.727,2.77,Caldas,Andina
17,2016,7.455,1.28E+13,1.26E+13,0.493,0.878,8.81,0.489,12987122.13,9854.565,12792630.93,0.696,0.714,43.8,77.04,72.48,69.4,0.693,0.878,0.497,0.876,3.624,2.776,Caldas,Andina
17,2017,7.972,1.3E+13,1.29E+13,0.501,0.883,8.459,0.47,13156983.57,9764.721,12967711.49,0.694,0.72,43.06,77.37,70.11,68.71,0.692,0.883,0.531,0.861,3.506,2.748,Caldas,Andina
17,2018,8.001,1.34E+13,1.32E+13,0.529,0.893,9.457,0.525,13418178.13,10023.209,13252290.85,0.698,0.733,45.19,78.03,83.01,77.81,0.696,0.893,0.533,0.904,4.151,3.112,Caldas,Andina
17,2019,7.663,1.38E+13,1.36E+13,0.516,0.894,9.37,0.521,13683873.58,10159.132,13519339.7,0.7,0.732,46.42,78.12,80.79,77.45,0.698,0.894,0.511,0.928,4.04,3.098,Caldas,Andina
17,2020,8.227,1.31E+13,1.29E+13,0.528,0.889,9.14,0.508,12809612.9,9720.569,12608553.94,0.694,0.738,49.02,77.79,78.77,76.79,0.691,0.889,0.548,0.98,3.939,3.072,Caldas,Andina
17,2021,7.822,1.45E+13,1.43E+13,0.528,0.846,9.614,0.534,14138948.71,10299.047,13938522.65,0.702,0.729,50.84,75.01,78.78,76.79,0.7,0.846,0.521,1.017,3.939,3.072,Caldas,Andina
17,2022,8.15,1.54E+13,1.52E+13,0.53,0.87,9.298,0.517,14922790.99,10595.512,14738355.47,0.706,0.734,50.96,76.55,78.06,74.7,0.704,0.87,0.543,1.019,3.903,2.988,Caldas,Andina
18,2011,6.036,2.66E+12,2.66E+12,0.424,0.79,8.036,0.446,6784202.34,5802.667,6778925.849,0.614,0.673,25.44,71.35,90.31,57.31,0.613,0.79,0.402,0.509,4.516,2.292,Caquetá,Amazónica
18,2012,5.808,2.98E+12,2.97E+12,0.405,0.794,7.609,0.423,7561812.211,6261.263,7535963.947,0.625,0.666,24.37,71.6,85.86,56.23,0.625,0.794,0.387,0.487,4.293,2.249,Caquetá,Amazónica
18,2013,5.899,3.16E+12,3.14E+12,0.403,0.798,7.414,0.412,7969889.923,6577.814,7937309.94,0.633,0.67,23.87,71.84,81.93,56.48,0.632,0.798,0.393,0.477,4.097,2.259,Caquetá,Amazónica
18,2014,5.838,3.32E+12,3.31E+12,0.401,0.801,7.42,0.412,8363336.983,6817.89,8321966.204,0.639,0.674,23.36,72.07,79.56,57.15,0.638,0.801,0.389,0.467,3.978,2.286,Caquetá,Amazónica
18,2015,6.637,3.35E+12,3.33E+12,0.416,0.805,7.02,0.39,8401448.31,6549.614,8360447.744,0.632,0.684,23.63,72.3,72.82,54.52,0.632,0.805,0.442,0.473,3.641,2.181,Caquetá,Amazónica
18,2016,6.767,3.43E+12,3.41E+12,0.427,0.808,7.263,0.403,8567387.876,6568.814,8527257.156,0.633,0.689,24.68,72.53,74.9,54.99,0.632,0.808,0.451,0.494,3.745,2.2,Caquetá,Amazónica
18,2017,7.236,3.45E+12,3.44E+12,0.44,0.812,7.146,0.397,8611083.791,6458.464,8576947.521,0.63,0.693,24.84,72.76,73.67,56.11,0.63,0.812,0.482,0.497,3.684,2.244,Caquetá,Amazónica
18,2018,7.115,3.53E+12,3.51E+12,0.479,0.817,8.72,0.484,8772240.51,6609.356,8738629.12,0.634,0.707,32.22,73.08,90.89,69.46,0.633,0.817,0.474,0.644,4.545,2.778,Caquetá,Amazónica
18,2019,7.041,3.6E+12,3.58E+12,0.471,0.819,8.495,0.472,8853717.002,6628.329,8820697.502,0.634,0.703,33.58,73.21,89.2,68.56,0.634,0.819,0.469,0.672,4.46,2.742,Caquetá,Amazónica
18,2020,7.363,3.38E+12,3.37E+12,0.485,0.793,8.64,0.48,8166469.193,6275.446,8139883.28,0.626,0.704,33.55,71.54,88.03,69.09,0.625,0.793,0.491,0.671,4.402,2.764,Caquetá,Amazónica
18,2021,7.335,3.66E+12,3.65E+12,0.476,0.784,8.343,0.464,8747971.485,6443.436,8720416.396,0.63,0.692,32.82,70.94,86.21,67.99,0.629,0.784,0.489,0.656,4.311,2.72,Caquetá,Amazónica
18,2022,7.327,3.77E+12,3.76E+12,0.473,0.812,8.253,0.459,8928434.695,6401.262,8904154.359,0.629,0.702,32.97,72.8,83.99,65.61,0.628,0.812,0.488,0.659,4.2,2.624,Caquetá,Amazónica
19,2011,5.922,1.09E+13,1.08E+13,0.425,0.828,8.203,0.456,7992730.907,6751.814,7887759.883,0.638,0.746,30.44,73.81,87.94,61.58,0.636,0.828,0.395,0.609,4.397,2.463,Cauca,Pacífica
19,2012,6.376,1.19E+13,1.17E+13,0.436,0.833,8.052,0.447,8629644.804,7016.379,8444810.22,0.645,0.75,29.56,74.15,85.38,60.53,0.642,0.833,0.425,0.591,4.269,2.421,Cauca,Pacífica
19,2013,6.579,1.33E+13,1.29E+13,0.449,0.838,8.271,0.46,9538030.45,7699.918,9291330.051,0.66,0.756,31.9,74.49,85.42,63.11,0.656,0.838,0.439,0.638,4.271,2.524,Cauca,Pacífica
19,2014,6.51,1.39E+13,1.35E+13,0.449,0.844,8.35,0.464,9880008.447,7889.745,9630280.061,0.664,0.753,31.39,74.83,86,64.65,0.66,0.844,0.434,0.628,4.3,2.586,Cauca,Pacífica
19,2015,7.157,1.46E+13,1.42E+13,0.472,0.849,8.412,0.467,10294939.27,7848.674,10018670,0.663,0.756,31.28,75.16,84.42,63.04,0.659,0.849,0.477,0.626,4.221,2.522,Cauca,Pacífica
19,2016,7.411,1.5E+13,1.47E+13,0.484,0.854,8.514,0.473,10440227.54,7870.442,10216956.5,0.663,0.758,33.56,75.48,85.12,65.49,0.659,0.854,0.494,0.671,4.256,2.62,Cauca,Pacífica
19,2017,7.883,1.49E+13,1.46E+13,0.498,0.858,8.459,0.47,10267780.59,7613.197,10110452.53,0.657,0.745,34.06,75.8,84.53,67.01,0.654,0.858,0.526,0.681,4.227,2.68,Cauca,Pacífica
19,2018,7.884,1.51E+13,1.5E+13,0.491,0.859,8.211,0.456,10337453.76,7732.562,10223687.85,0.658,0.74,33.58,75.86,84.55,66.21,0.657,0.859,0.526,0.672,4.228,2.648,Cauca,Pacífica
19,2019,8.062,1.56E+13,1.54E+13,0.509,0.861,8.657,0.481,10561600.05,7851.087,10447891.06,0.661,0.741,36.42,75.96,85.23,68.78,0.659,0.861,0.537,0.728,4.262,2.751,Cauca,Pacífica
19,2020,7.922,1.46E+13,1.45E+13,0.508,0.887,8.782,0.488,9678326.367,7398.612,9596742.425,0.651,0.732,38.72,77.68,85.48,70.04,0.65,0.887,0.528,0.774,4.274,2.802,Cauca,Pacífica
19,2021,7.809,1.61E+13,1.6E+13,0.505,0.849,8.801,0.489,10585077.21,7759.439,10501467.78,0.659,0.71,40.52,75.18,86.19,71.6,0.657,0.849,0.521,0.81,4.31,2.864,Cauca,Pacífica
19,2022,7.737,1.71E+13,1.7E+13,0.506,0.876,8.929,0.496,11064097.59,7907.944,10999948.21,0.661,0.72,40.39,76.95,85.71,70.21,0.66,0.876,0.516,0.808,4.286,2.808,Cauca,Pacífica
20,2011,6.449,1.29E+13,8.25E+12,0.474,0.827,9.338,0.519,12333087.69,6762.945,7900763.53,0.704,0.63,34.98,73.74,95.22,66.47,0.637,0.827,0.43,0.7,4.761,2.659,Cesar,Caribe
20,2012,6.537,1.37E+13,8.76E+12,0.471,0.831,9.104,0.506,12913586.73,6859.424,8255901.787,0.706,0.638,34.62,73.99,93.85,69.36,0.639,0.831,0.436,0.692,4.693,2.774,Cesar,Caribe
20,2013,6.735,1.36E+13,8.82E+12,0.485,0.834,9.361,0.52,12604681.4,6781.795,8183450.03,0.702,0.649,36.02,74.24,93.36,71.46,0.637,0.834,0.449,0.72,4.668,2.858,Cesar,Caribe
20,2014,6.781,1.44E+13,9.27E+12,0.491,0.838,9.531,0.53,13133590.5,6933.665,8463282.488,0.707,0.652,36.99,74.48,93.79,74.6,0.64,0.838,0.452,0.74,4.69,2.984,Cesar,Caribe
20,2015,8.095,1.46E+13,9.59E+12,0.541,0.842,9.752,0.542,13076198.38,6738.9,8602066.987,0.699,0.661,38.63,74.72,92.76,73.88,0.636,0.842,0.54,0.773,4.638,2.955,Cesar,Caribe
20,2016,8.304,1.57E+13,9.5E+12,0.549,0.845,9.803,0.545,13795947.94,6440.122,8360196.123,0.705,0.667,42.61,74.95,95.6,75.01,0.629,0.845,0.554,0.852,4.78,3,Cesar,Caribe
20,2017,8.475,1.61E+13,9.74E+12,0.557,0.849,9.867,0.548,13869926.77,6310.544,8380507.976,0.702,0.671,43.61,75.18,96.33,77.05,0.626,0.849,0.565,0.872,4.817,3.082,Cesar,Caribe
20,2018,8.383,1.61E+13,9.98E+12,0.526,0.855,8.878,0.493,13402118.44,6285.573,8310536.388,0.698,0.67,39.94,75.56,87.8,71.27,0.625,0.855,0.559,0.799,4.39,2.851,Cesar,Caribe
20,2019,8.413,1.66E+13,1.03E+13,0.537,0.856,9.234,0.513,13291661.3,6184.667,8230290.832,0.695,0.677,40.08,75.66,88.23,71.4,0.623,0.856,0.561,0.802,4.412,2.856,Cesar,Caribe
20,2020,8.662,1.43E+13,9.73E+12,0.543,0.837,9.163,0.509,11039428.21,5809.658,7535709.389,0.671,0.682,40.41,74.38,86.96,71.9,0.614,0.837,0.577,0.808,4.348,2.876,Cesar,Caribe
20,2021,8.497,1.48E+13,1.08E+13,0.537,0.801,9.148,0.508,11196276.42,6041.934,8177031.469,0.667,0.671,40.47,72.05,85.64,72.5,0.62,0.801,0.566,0.809,4.282,2.9,Cesar,Caribe
20,2022,8.422,1.55E+13,1.14E+13,0.532,0.835,9.041,0.502,11522448.33,6078.174,8454739.546,0.667,0.681,40,74.27,84.94,70.13,0.62,0.835,0.561,0.8,4.247,2.805,Cesar,Caribe
23,2011,6.592,1.15E+13,1.14E+13,0.477,0.848,9.276,0.515,6973473.596,5896.781,6888873.897,0.618,0.593,37.16,75.13,93.22,68.79,0.616,0.848,0.439,0.743,4.661,2.752,Córdoba,Caribe
23,2012,6.682,1.27E+13,1.25E+13,0.475,0.851,9.069,0.504,7577345.546,6189.912,7450086.755,0.626,0.596,37.52,75.32,91.54,71.82,0.623,0.851,0.445,0.75,4.577,2.873,Córdoba,Caribe
23,2013,6.884,1.31E+13,1.29E+13,0.488,0.854,9.3,0.517,7768557.407,6339.894,7650217.934,0.629,0.596,36.38,75.51,92.17,73.47,0.627,0.854,0.459,0.728,4.609,2.939,Córdoba,Caribe
23,2014,6.931,1.37E+13,1.35E+13,0.49,0.857,9.306,0.517,8006878.29,6468.756,7895810.767,0.632,0.598,36.92,75.7,90.81,74.98,0.63,0.857,0.462,0.738,4.541,2.999,Córdoba,Caribe
23,2015,8.274,1.37E+13,1.35E+13,0.535,0.86,9.315,0.517,7910948.353,6106.043,7794238.522,0.623,0.607,38.97,75.89,87.47,72.18,0.621,0.86,0.552,0.779,4.374,2.887,Córdoba,Caribe
23,2016,8.488,1.37E+13,1.35E+13,0.538,0.863,9.201,0.511,7872364.824,5964.966,7743377.064,0.62,0.614,42.42,76.08,87.49,72.53,0.618,0.863,0.566,0.848,4.375,2.901,Córdoba,Caribe
23,2017,8.664,1.39E+13,1.37E+13,0.538,0.866,8.986,0.499,7895562.27,5851.331,7770664.692,0.617,0.616,42.2,76.26,84.35,73.01,0.615,0.866,0.578,0.844,4.218,2.92,Córdoba,Caribe
23,2018,8.478,1.42E+13,1.4E+13,0.551,0.868,9.645,0.536,7953648.858,5915.254,7820915.949,0.619,0.61,43.56,76.43,90.71,78.21,0.616,0.868,0.565,0.871,4.536,3.128,Córdoba,Caribe
23,2019,8.612,1.48E+13,1.45E+13,0.556,0.87,9.684,0.538,8169660.386,6014.996,8004500.647,0.622,0.617,45.26,76.53,89.17,79.23,0.619,0.87,0.574,0.905,4.459,3.169,Córdoba,Caribe
23,2020,8.859,1.39E+13,1.35E+13,0.558,0.859,9.448,0.525,7529323.642,5655.24,7335414.049,0.613,0.636,46.3,75.86,87.47,80.12,0.61,0.859,0.591,0.926,4.374,3.205,Córdoba,Caribe
23,2021,8.742,1.52E+13,1.49E+13,0.557,0.849,9.552,0.531,8174670.702,5906.04,7993114.629,0.619,0.624,49.6,75.19,86.49,80.55,0.616,0.849,0.583,0.992,4.325,3.222,Córdoba,Caribe
23,2022,8.626,1.62E+13,1.59E+13,0.541,0.874,9.108,0.506,8612776.001,6060.739,8430487.547,0.623,0.634,50.28,76.84,84.72,76.64,0.62,0.874,0.575,1.006,4.236,3.066,Córdoba,Caribe
25,2011,6.545,4.15E+13,4.1E+13,0.486,0.879,9.656,0.536,18856466.68,15918.302,18596445.71,0.768,0.648,47.57,77.16,88.12,81.38,0.766,0.879,0.436,0.951,4.406,3.255,Cundinamarca,Andina
25,2012,6.705,4.3E+13,4.26E+13,0.491,0.882,9.641,0.536,18907602.29,15547.136,18712303.02,0.764,0.65,47.27,77.33,87.82,81.53,0.762,0.882,0.447,0.945,4.391,3.261,Cundinamarca,Andina
25,2013,6.797,4.48E+13,4.42E+13,0.49,0.884,9.475,0.526,18994388.39,15545.969,18758996.02,0.764,0.657,47.98,77.49,85.47,82.08,0.762,0.884,0.453,0.96,4.274,3.283,Cundinamarca,Andina
25,2014,6.899,4.62E+13,4.57E+13,0.5,0.887,9.72,0.54,18899362.15,15312.079,18690035.67,0.762,0.659,48.48,77.66,85.05,81.31,0.76,0.887,0.46,0.97,4.253,3.252,Cundinamarca,Andina
25,2015,7.736,4.81E+13,4.76E+13,0.531,0.89,9.829,0.546,18894518.35,14651.489,18702323.84,0.755,0.673,50.5,77.82,86.83,80.91,0.753,0.89,0.516,1.01,4.342,3.236,Cundinamarca,Andina
25,2016,8.009,4.96E+13,4.91E+13,0.539,0.892,9.797,0.544,18702574.64,14267.447,18521181.22,0.751,0.674,50.92,77.98,88.25,80.47,0.749,0.892,0.534,1.018,4.413,3.219,Cundinamarca,Andina
25,2017,8.505,5.04E+13,4.99E+13,0.562,0.894,10.028,0.557,18176542.61,13557.442,18004508.55,0.743,0.674,51.57,78.14,89.27,81.65,0.742,0.894,0.567,1.031,4.464,3.266,Cundinamarca,Andina
25,2018,8.206,5.16E+13,5.11E+13,0.564,0.9,10.46,0.581,17660274.44,13240.985,17506707.52,0.739,0.679,50.34,78.52,98.58,86.4,0.738,0.9,0.547,1.007,4.929,3.456,Cundinamarca,Andina
25,2019,8.317,5.29E+13,5.25E+13,0.569,0.902,10.513,0.584,17141409.1,12783.564,17011821.87,0.734,0.683,49.7,78.61,94.63,85.96,0.733,0.902,0.554,0.994,4.732,3.438,Cundinamarca,Andina
25,2020,8.587,4.95E+13,4.92E+13,0.572,0.898,10.272,0.571,15738494.23,12059.489,15642367.41,0.725,0.677,50.35,78.37,90.32,86.08,0.724,0.898,0.572,1.007,4.516,3.443,Cundinamarca,Andina
25,2021,8.657,5.53E+13,5.51E+13,0.567,0.853,10.019,0.557,17113192.39,12582.931,17029484.52,0.731,0.675,50.4,75.46,85.96,84.79,0.73,0.853,0.577,1.008,4.298,3.392,Cundinamarca,Andina
25,2022,8.756,5.97E+13,5.93E+13,0.583,0.886,10.49,0.583,17888836.02,12787.996,17788101.07,0.734,0.679,54.67,77.57,91.19,88.69,0.733,0.886,0.584,1.093,4.56,3.548,Cundinamarca,Andina
27,2011,6.343,4.03E+12,2.05E+12,0.4,0.73,6.797,0.378,8575336.863,3739.106,4368185.068,0.649,0.668,19.64,67.44,86.4,41.3,0.547,0.73,0.423,0.393,4.32,1.652,Chocó,Pacífica
27,2012,6.83,3.88E+12,2.16E+12,0.413,0.739,6.673,0.371,8070397.685,3743.344,4505433.686,0.635,0.669,19.1,68.01,83.24,41.9,0.547,0.739,0.455,0.382,4.162,1.676,Chocó,Pacífica
27,2013,7.047,3.55E+12,2.46E+12,0.423,0.748,6.769,0.376,7233343.543,4151.122,5009072.427,0.618,0.674,18.43,68.59,82.73,44.28,0.563,0.748,0.47,0.369,4.137,1.771,Chocó,Pacífica
27,2014,6.973,3.47E+12,2.62E+12,0.426,0.757,6.96,0.387,6944062.456,4298.229,5246449.815,0.61,0.679,18.37,69.18,83.75,47.84,0.568,0.757,0.465,0.367,4.188,1.914,Chocó,Pacífica
27,2015,7.666,3.57E+12,2.66E+12,0.451,0.766,7.023,0.39,7011686.454,4089.035,5219568.467,0.605,0.694,20.35,69.78,82.2,47.3,0.561,0.766,0.511,0.407,4.11,1.892,Chocó,Pacífica
27,2016,7.938,3.77E+12,2.8E+12,0.459,0.775,7.013,0.39,7265484.065,4159.451,5399559.984,0.608,0.7,22.34,70.38,81.51,48.05,0.563,0.775,0.529,0.447,4.076,1.922,Chocó,Pacífica
27,2017,8.446,3.48E+12,2.83E+12,0.474,0.784,6.919,0.384,6609371.106,4042.954,5369109.75,0.59,0.703,22.19,70.98,80.16,48.97,0.559,0.784,0.563,0.444,4.008,1.959,Chocó,Pacífica
27,2018,8.172,3.2E+12,2.87E+12,0.469,0.784,7.09,0.394,5986732.339,4055.288,5361742.032,0.576,0.693,23.21,70.95,81.74,51.12,0.559,0.784,0.545,0.464,4.087,2.045,Chocó,Pacífica
27,2019,8.411,3.34E+12,2.97E+12,0.485,0.788,7.355,0.409,6187648.994,4135.1,5502814.692,0.58,0.696,23.92,71.19,84.13,53.38,0.562,0.788,0.561,0.478,4.207,2.135,Chocó,Pacífica
27,2020,8.424,3.28E+12,2.85E+12,0.491,0.843,7.561,0.42,5835984.793,3907.242,5068085.561,0.575,0.684,26.01,74.79,85.84,55.87,0.554,0.843,0.562,0.52,4.292,2.235,Chocó,Pacífica
27,2021,8.724,3.55E+12,3.11E+12,0.514,0.781,8.027,0.446,6182174.638,4010.379,5427566.585,0.577,0.668,29.1,70.77,89.88,60.74,0.558,0.781,0.582,0.582,4.494,2.43,Chocó,Pacífica
27,2022,8.497,3.66E+12,3.25E+12,0.499,0.828,7.783,0.432,6257921.875,4002.341,5567255.617,0.575,0.678,28.68,73.82,87.14,59.33,0.557,0.828,0.566,0.574,4.357,2.373,Chocó,Pacífica
41,2011,6.478,1.25E+13,1.11E+13,0.476,0.824,9.374,0.521,12338113.01,9359.66,10934357.97,0.704,0.628,38.49,73.56,92.31,73.5,0.686,0.824,0.432,0.77,4.616,2.94,Huila,Andina
41,2012,6.234,1.28E+13,1.15E+13,0.463,0.828,9.191,0.511,12453282.44,9336.557,11237342.25,0.701,0.625,37.98,73.79,92.67,73.8,0.685,0.828,0.416,0.76,4.634,2.952,Huila,Andina
41,2013,6.331,1.33E+13,1.21E+13,0.466,0.831,9.182,0.51,12832373.68,9680.279,11680989.66,0.705,0.63,39.07,74.02,90.86,75.27,0.691,0.831,0.422,0.781,4.543,3.011,Huila,Andina
41,2014,6.266,1.39E+13,1.28E+13,0.466,0.834,9.263,0.515,13262355.23,9977.477,12178581.85,0.708,0.627,39.36,74.24,88.99,75.54,0.695,0.834,0.418,0.787,4.45,3.022,Huila,Andina
41,2015,7.123,1.38E+13,1.28E+13,0.494,0.838,9.242,0.513,13006650.59,9440.085,12050073.77,0.698,0.632,40.15,74.46,87.77,74.81,0.687,0.838,0.475,0.803,4.389,2.992,Huila,Andina
41,2016,7.263,1.36E+13,1.27E+13,0.499,0.841,9.236,0.513,12697302.58,9131.506,11853996.53,0.692,0.636,40.51,74.67,86.07,73,0.682,0.841,0.484,0.81,4.304,2.92,Huila,Andina
41,2017,7.766,1.32E+13,1.24E+13,0.508,0.844,8.982,0.499,12158086.77,8571.469,11383053.65,0.682,0.628,40.14,74.88,84.05,73.08,0.672,0.844,0.518,0.803,4.203,2.923,Huila,Andina
41,2018,7.672,1.34E+13,1.25E+13,0.526,0.85,9.712,0.54,12149505.13,8616.477,11392365.42,0.683,0.654,44.75,75.25,92.4,81.28,0.673,0.85,0.511,0.895,4.62,3.251,Huila,Andina
41,2019,7.601,1.38E+13,1.29E+13,0.531,0.852,9.988,0.555,12369992.24,8739.567,11630242.69,0.685,0.647,45.83,75.36,92.18,81.35,0.675,0.852,0.507,0.917,4.609,3.254,Huila,Andina
41,2020,7.908,1.31E+13,1.23E+13,0.534,0.834,9.75,0.542,11482955.51,8319.781,10791591.1,0.677,0.627,46.27,74.21,92.14,81.78,0.668,0.834,0.527,0.925,4.607,3.271,Huila,Andina
41,2021,7.85,1.42E+13,1.34E+13,0.538,0.804,9.932,0.552,12294927.27,8602.32,11642206.24,0.681,0.625,48.19,72.25,93.29,82.21,0.673,0.804,0.523,0.964,4.665,3.288,Huila,Andina
41,2022,7.8,1.48E+13,1.41E+13,0.534,0.835,9.866,0.548,12669945.35,8675.32,12067369.03,0.682,0.62,48.17,74.3,92.96,77.59,0.674,0.835,0.52,0.963,4.648,3.104,Huila,Andina
44,2011,6.501,8.01E+12,4.3E+12,0.397,0.738,6.474,0.36,10837035.65,4986.905,5825917.644,0.684,0.668,21.91,67.99,74.68,41.56,0.591,0.738,0.433,0.438,3.734,1.662,La Guajira,Caribe
44,2012,6.589,8.44E+12,4.57E+12,0.392,0.742,6.207,0.345,11182950.23,5028.875,6052680.142,0.685,0.664,20.67,68.26,72.47,41.86,0.592,0.742,0.439,0.413,3.624,1.674,La Guajira,Caribe
44,2013,6.788,8.48E+12,4.77E+12,0.401,0.746,6.307,0.35,11003899.03,5125.691,6185063.829,0.682,0.667,19.95,68.52,71.75,43.38,0.595,0.746,0.453,0.399,3.588,1.735,La Guajira,Caribe
44,2014,6.835,8.72E+12,4.95E+12,0.405,0.75,6.364,0.354,11086211.84,5159.76,6298040.655,0.681,0.67,20.09,68.78,71.68,44.78,0.596,0.75,0.456,0.402,3.584,1.791,La Guajira,Caribe
44,2015,8.159,8.67E+12,5.03E+12,0.452,0.754,6.488,0.36,10790562.1,4903.341,6259013.965,0.67,0.677,19.8,69.04,71.58,44.62,0.588,0.754,0.544,0.396,3.579,1.785,La Guajira,Caribe
44,2016,8.37,8.89E+12,5.31E+12,0.46,0.758,6.508,0.362,10807513,4968.216,6449452.596,0.668,0.677,20.57,69.29,72.88,45.95,0.59,0.758,0.558,0.411,3.644,1.838,La Guajira,Caribe
44,2017,8.543,9E+12,5.58E+12,0.466,0.762,6.512,0.362,10633670.86,4964.595,6593064.621,0.662,0.678,20.69,69.55,72.96,46.92,0.59,0.762,0.57,0.414,3.648,1.877,La Guajira,Caribe
44,2018,8.374,8.98E+12,5.65E+12,0.5,0.76,7.961,0.442,10194813.99,4855.199,6419352.202,0.656,0.686,23.25,69.43,90.09,56.54,0.586,0.76,0.558,0.465,4.505,2.262,La Guajira,Caribe
44,2019,8.531,8.96E+12,5.79E+12,0.504,0.765,7.906,0.439,9655458.067,4691.233,6242893.098,0.647,0.689,25.08,69.75,93.02,57.99,0.581,0.765,0.569,0.502,4.651,2.32,La Guajira,Caribe
44,2020,8.693,6.83E+12,5.31E+12,0.517,0.716,8.179,0.454,7089164.979,4243.839,5504684.676,0.604,0.682,27.06,66.53,94.12,58.87,0.566,0.716,0.58,0.541,4.706,2.355,La Guajira,Caribe
44,2021,8.497,8.76E+12,6E+12,0.522,0.674,8.596,0.478,8823056.603,4465.293,6043236.869,0.631,0.674,27.93,63.8,100.04,60.89,0.574,0.674,0.566,0.559,5.002,2.436,La Guajira,Caribe
44,2022,8.621,8.48E+12,6.14E+12,0.524,0.708,8.518,0.473,8335594.501,4337.313,6033201.994,0.618,0.684,28.43,66.02,100.13,60.36,0.569,0.708,0.575,0.569,5.007,2.414,La Guajira,Caribe
47,2011,6.429,9.31E+12,9.27E+12,0.463,0.835,8.95,0.497,7729757.711,6588.48,7696945.876,0.633,0.606,37.55,74.29,90.9,66.53,0.633,0.835,0.429,0.751,4.545,2.661,Magdalena,Caribe
47,2012,6.516,9.72E+12,9.69E+12,0.451,0.837,8.413,0.467,7959583.85,6593.163,7935433.354,0.633,0.606,34.07,74.42,87.26,64.96,0.633,0.837,0.434,0.681,4.363,2.598,Magdalena,Caribe
47,2013,6.714,1.02E+13,1.02E+13,0.47,0.839,8.852,0.492,8273449.586,6839.013,8252494.263,0.639,0.61,34.97,74.55,89.83,68.82,0.638,0.839,0.448,0.699,4.492,2.753,Magdalena,Caribe
47,2014,6.76,1.01E+13,1.01E+13,0.461,0.841,8.497,0.472,8081829.094,6604.311,8061270.421,0.633,0.612,33.95,74.67,83.79,67.94,0.633,0.841,0.451,0.679,4.19,2.718,Magdalena,Caribe
47,2015,8.069,1.05E+13,1.05E+13,0.518,0.843,8.97,0.498,8285061.585,6466.613,8254497.684,0.63,0.626,35.65,74.8,87.3,69.06,0.63,0.843,0.538,0.713,4.365,2.762,Magdalena,Caribe
47,2016,8.278,1.09E+13,1.08E+13,0.518,0.845,8.732,0.485,8442164.306,6477.366,8408544.481,0.631,0.629,37.96,74.92,85.37,68.74,0.63,0.845,0.552,0.759,4.269,2.75,Magdalena,Caribe
47,2017,8.449,1.1E+13,1.1E+13,0.528,0.847,8.871,0.493,8394024.853,6297.756,8363525.291,0.626,0.63,39.23,75.04,87.81,70.05,0.626,0.847,0.563,0.785,4.391,2.802,Magdalena,Caribe
47,2018,8.264,1.12E+13,1.12E+13,0.53,0.85,9.161,0.509,8383359.25,6319.083,8354842.318,0.627,0.639,40.66,75.28,91.7,73.92,0.626,0.85,0.551,0.813,4.585,2.957,Magdalena,Caribe
47,2019,8.321,1.15E+13,1.15E+13,0.531,0.852,9.122,0.507,8298215.068,6215.01,8270670.579,0.624,0.639,41.03,75.39,91.83,73.84,0.624,0.852,0.555,0.821,4.592,2.954,Magdalena,Caribe
47,2020,8.505,1.09E+13,1.08E+13,0.542,0.833,9.301,0.517,7616983.661,5854.729,7594170.659,0.615,0.612,42.61,74.15,90.4,74.25,0.615,0.833,0.567,0.852,4.52,2.97,Magdalena,Caribe
47,2021,8.487,1.21E+13,1.2E+13,0.543,0.79,9.368,0.52,8308440.162,6118.831,8281102.053,0.622,0.609,43.34,71.36,91.35,75.68,0.621,0.79,0.566,0.867,4.568,3.027,Magdalena,Caribe
47,2022,8.671,1.28E+13,1.27E+13,0.549,0.831,9.373,0.521,8668155.97,6208.058,8635407.049,0.624,0.617,42.48,74.01,90.25,74.23,0.624,0.831,0.578,0.85,4.513,2.969,Magdalena,Caribe
50,2011,6.493,2.58E+13,1.2E+13,0.477,0.813,9.383,0.521,28225727.14,11176.466,13056829,0.829,0.644,40.79,72.82,92.35,75.89,0.712,0.813,0.433,0.816,4.618,3.036,Meta,Orinoquía
50,2012,6.651,2.78E+13,1.28E+13,0.482,0.819,9.379,0.521,29776924.53,11354.161,13665700.54,0.832,0.64,40.64,73.21,92.31,75.91,0.715,0.819,0.443,0.813,4.616,3.036,Meta,Orinoquía
50,2013,6.743,3.08E+13,1.39E+13,0.489,0.824,9.508,0.528,32369815.7,12111.305,14614458.12,0.845,0.649,43.24,73.59,94.48,76.98,0.725,0.824,0.45,0.865,4.724,3.079,Meta,Orinoquía
50,2014,6.843,2.99E+13,1.39E+13,0.499,0.83,9.749,0.542,30808287.91,11743.563,14334278.98,0.835,0.645,42.39,73.96,93.29,78.64,0.72,0.83,0.456,0.848,4.665,3.146,Meta,Orinoquía
50,2015,7.674,3.07E+13,1.43E+13,0.52,0.836,9.503,0.528,31109367,11312.397,14440041.53,0.83,0.664,42.26,74.33,90.32,76.35,0.714,0.836,0.512,0.845,4.516,3.054,Meta,Orinoquía
50,2016,7.945,2.89E+13,1.41E+13,0.529,0.841,9.514,0.529,28771019.12,10796.738,14015705.69,0.816,0.665,43.97,74.69,90.78,77.27,0.707,0.841,0.53,0.879,4.539,3.091,Meta,Orinoquía
50,2017,8.436,2.9E+13,1.5E+13,0.545,0.847,9.502,0.528,28398746.15,11086.643,14723245.87,0.81,0.667,43.9,75.04,88.87,76.9,0.711,0.847,0.562,0.878,4.444,3.076,Meta,Orinoquía
50,2018,8.206,2.94E+13,1.54E+13,0.543,0.855,9.709,0.539,28280272.16,11237.35,14857581.29,0.81,0.669,43.29,75.56,91.04,78.31,0.713,0.855,0.547,0.866,4.552,3.132,Meta,Orinoquía
50,2019,8.255,3.08E+13,1.59E+13,0.545,0.856,9.73,0.541,29274116.72,11363.706,15122334.67,0.815,0.669,44.99,75.66,91.63,79.83,0.715,0.856,0.55,0.9,4.582,3.193,Meta,Orinoquía
50,2020,8.713,2.8E+13,1.48E+13,0.565,0.831,9.869,0.548,25887467.72,10557.768,13694484.83,0.8,0.663,47.12,73.99,90.98,81.17,0.704,0.831,0.581,0.942,4.549,3.247,Meta,Orinoquía
50,2021,8.514,2.87E+13,1.63E+13,0.556,0.793,9.797,0.544,26124606.22,11001.405,14889079.06,0.795,0.652,47.95,71.55,90.62,81.71,0.71,0.793,0.568,0.959,4.531,3.268,Meta,Orinoquía
50,2022,8.492,3.01E+13,1.72E+13,0.555,0.821,9.785,0.544,27065356.47,11110.978,15455368.96,0.796,0.668,48.42,73.35,90.28,79.1,0.712,0.821,0.566,0.968,4.514,3.164,Meta,Orinoquía
52,2011,5.777,9.83E+12,9.7E+12,0.399,0.844,7.421,0.412,6226127.683,5258.051,6142681.623,0.601,0.706,29.04,74.85,80.14,53.68,0.599,0.844,0.385,0.581,4.007,2.147,Nariño,Pacífica
52,2012,6.22,1.04E+13,1.01E+13,0.411,0.848,7.325,0.407,6538643.152,5284.235,6360026.592,0.603,0.711,28.59,75.11,77.76,53.64,0.599,0.848,0.415,0.572,3.888,2.146,Nariño,Pacífica
52,2013,6.418,1.1E+13,1.08E+13,0.419,0.852,7.375,0.41,6922690.113,5602.102,6759939.564,0.612,0.719,28.99,75.35,75.34,56.14,0.608,0.852,0.428,0.58,3.767,2.246,Nariño,Pacífica
52,2014,6.351,1.16E+13,1.12E+13,0.416,0.855,7.34,0.408,7224055.507,5726.065,6989276.48,0.616,0.722,30.02,75.6,73.85,56.67,0.611,0.855,0.423,0.6,3.693,2.267,Nariño,Pacífica
52,2015,6.982,1.22E+13,1.17E+13,0.438,0.859,7.404,0.411,7602129.249,5718.801,7299931.678,0.617,0.729,29.95,75.84,71.43,56.46,0.611,0.859,0.465,0.599,3.572,2.258,Nariño,Pacífica
52,2016,7.23,1.28E+13,1.21E+13,0.44,0.863,7.178,0.399,7897253.578,5776.118,7498225.001,0.621,0.729,29.8,76.08,68.32,56.56,0.613,0.863,0.482,0.596,3.416,2.262,Nariño,Pacífica
52,2017,7.693,1.24E+13,1.22E+13,0.452,0.866,7.039,0.391,7670419.416,5671.375,7531680.707,0.613,0.734,29.86,76.31,66.68,57.45,0.61,0.866,0.513,0.597,3.334,2.298,Nariño,Pacífica
52,2018,7.52,1.26E+13,1.25E+13,0.482,0.869,8.325,0.463,7753373.322,5809.049,7680494.77,0.615,0.736,35.6,76.49,81.82,69.66,0.614,0.869,0.501,0.712,4.091,2.786,Nariño,Pacífica
52,2019,7.369,1.31E+13,1.29E+13,0.479,0.871,8.393,0.466,8019560.32,5972.173,7947512.435,0.619,0.739,38,76.59,79.87,69.44,0.618,0.871,0.491,0.76,3.994,2.778,Nariño,Pacífica
52,2020,7.854,1.25E+13,1.25E+13,0.493,0.861,8.326,0.463,7531433.474,5770.767,7485263.509,0.614,0.732,41.01,75.95,79.06,69.72,0.613,0.861,0.524,0.82,3.953,2.789,Nariño,Pacífica
52,2021,7.984,1.38E+13,1.37E+13,0.502,0.832,8.49,0.472,8218606.796,6041.929,8177024.482,0.62,0.715,42.92,74.08,78.17,69.47,0.62,0.832,0.532,0.858,3.909,2.779,Nariño,Pacífica
52,2022,7.738,1.45E+13,1.44E+13,0.481,0.861,8.023,0.446,8580950.151,6135.396,8534334.205,0.623,0.724,41.78,75.96,75.43,66.77,0.622,0.861,0.516,0.836,3.772,2.671,Nariño,Pacífica
54,2011,6.074,1.09E+13,1.06E+13,0.452,0.818,8.993,0.5,7965479.422,6615.613,7728644.43,0.638,0.614,39.03,73.16,91.01,66.38,0.633,0.818,0.405,0.781,4.551,2.655,Norte de Santander,Andina
54,2012,6.222,1.11E+13,1.07E+13,0.452,0.822,8.811,0.49,8034584.204,6425.524,7733665.159,0.635,0.621,35.87,73.46,90.29,64.3,0.629,0.822,0.415,0.717,4.515,2.572,Norte de Santander,Andina
54,2013,6.308,1.17E+13,1.14E+13,0.454,0.827,8.77,0.487,8398386.313,6799.297,8204569.724,0.641,0.627,37.86,73.75,88.74,66.27,0.637,0.827,0.421,0.757,4.437,2.651,Norte de Santander,Andina
54,2014,6.402,1.23E+13,1.19E+13,0.468,0.831,9.16,0.509,8746091.819,6964.216,8500572.415,0.645,0.629,36.99,74.04,89.64,68.4,0.641,0.831,0.427,0.74,4.482,2.736,Norte de Santander,Andina
54,2015,7.179,1.25E+13,1.21E+13,0.493,0.836,9.135,0.507,8890009.835,6744.957,8609798.073,0.641,0.638,36.24,74.33,89.27,68.7,0.636,0.836,0.479,0.725,4.464,2.748,Norte de Santander,Andina
54,2016,7.433,1.3E+13,1.26E+13,0.507,0.84,9.319,0.518,9153278.188,6834,8871506.034,0.643,0.641,38,74.61,92.31,70.9,0.638,0.84,0.496,0.76,4.616,2.836,Norte de Santander,Andina
54,2017,7.891,1.29E+13,1.26E+13,0.53,0.844,9.614,0.534,8944211.664,6532.189,8674856.012,0.636,0.644,39.83,74.89,92.97,73.65,0.631,0.844,0.526,0.797,4.649,2.946,Norte de Santander,Andina
54,2018,7.558,1.33E+13,1.3E+13,0.516,0.852,9.521,0.529,8947817.446,6567.469,8683248.521,0.637,0.655,40.56,75.35,91.76,74.5,0.632,0.852,0.504,0.811,4.588,2.98,Norte de Santander,Andina
54,2019,7.937,1.35E+13,1.32E+13,0.538,0.853,9.856,0.548,8656016.246,6348.074,8447746.263,0.631,0.656,41.87,75.46,91.15,76.09,0.627,0.853,0.529,0.837,4.558,3.044,Norte de Santander,Andina
54,2020,7.937,1.28E+13,1.25E+13,0.533,0.818,9.679,0.538,7914186.24,5959.513,7730087.243,0.621,0.656,41.2,73.16,89,76.87,0.617,0.818,0.529,0.824,4.45,3.075,Norte de Santander,Andina
54,2021,8.054,1.42E+13,1.4E+13,0.536,0.796,9.622,0.535,8590017.979,6244.67,8451410.295,0.627,0.651,44.63,71.75,89.54,79.23,0.625,0.796,0.537,0.893,4.477,3.169,Norte de Santander,Andina
54,2022,7.971,1.53E+13,1.49E+13,0.532,0.825,9.595,0.533,9089695.75,6392.646,8892169.497,0.631,0.655,46.66,73.64,88.95,76.87,0.628,0.825,0.531,0.933,4.448,3.075,Norte de Santander,Andina
63,2011,7.275,5.46E+12,5.44E+12,0.516,0.816,9.828,0.546,10511342.15,8967.501,10476220.67,0.68,0.643,47.29,73.05,85.53,80.32,0.679,0.816,0.485,0.946,4.277,3.213,Quindío,Andina
63,2012,7.001,5.87E+12,5.85E+12,0.494,0.819,9.395,0.522,11270674.04,9327.701,11226682.54,0.686,0.641,46.59,73.24,83.48,79.17,0.685,0.819,0.467,0.932,4.174,3.167,Quindío,Andina
63,2013,7.11,5.93E+12,5.91E+12,0.49,0.822,9.119,0.507,11362531.86,9382.707,11321916.1,0.687,0.655,47.06,73.43,78.3,78.46,0.686,0.822,0.474,0.941,3.915,3.138,Quindío,Andina
63,2014,7.037,6.1E+12,6.08E+12,0.49,0.825,9.213,0.512,11649019.84,9510.037,11608020.47,0.689,0.654,44.57,73.62,76.97,78.46,0.688,0.825,0.469,0.891,3.849,3.138,Quindío,Andina
63,2015,8,6.38E+12,6.35E+12,0.52,0.828,9.115,0.506,12119442.08,9454.163,12068043.89,0.688,0.654,48.03,73.8,74.18,76.01,0.687,0.828,0.533,0.961,3.709,3.04,Quindío,Andina
63,2016,8.157,6.62E+12,6.6E+12,0.528,0.831,9.208,0.512,12500804.31,9593.089,12453197.95,0.69,0.658,49.3,73.99,72.4,75.16,0.689,0.831,0.544,0.986,3.62,3.006,Quindío,Andina
63,2017,8.723,6.74E+12,6.71E+12,0.536,0.833,8.814,0.49,12614915.93,9463.289,12567405.56,0.688,0.647,48.18,74.17,70.86,72.73,0.687,0.833,0.582,0.964,3.543,2.909,Quindío,Andina
63,2018,8.423,6.79E+12,6.77E+12,0.582,0.847,10.843,0.602,12581399.92,9481.414,12535951.47,0.688,0.653,54.66,75.04,95.26,89.06,0.688,0.847,0.562,1.093,4.763,3.562,Quindío,Andina
63,2019,8.521,6.97E+12,6.94E+12,0.582,0.849,10.732,0.596,12719600.08,9524.781,12675172.16,0.689,0.65,53.61,75.16,93.4,87.85,0.688,0.849,0.568,1.072,4.67,3.514,Quindío,Andina
63,2020,8.854,6.54E+12,6.52E+12,0.588,0.844,10.544,0.586,11821835.61,9091.074,11792035.06,0.682,0.649,56.4,74.85,91.39,87.94,0.681,0.844,0.59,1.128,4.57,3.518,Quindío,Andina
63,2021,8.941,7.33E+12,7.32E+12,0.587,0.82,10.393,0.577,13164403.52,9703.377,13132355.01,0.691,0.644,57,73.3,90.25,86.73,0.691,0.82,0.596,1.14,4.513,3.469,Quindío,Andina
63,2022,8.876,7.8E+12,7.78E+12,0.592,0.844,10.648,0.592,13933413.44,9989.64,13895588.36,0.696,0.655,58.84,74.83,91.51,85.11,0.695,0.844,0.592,1.177,4.576,3.404,Quindío,Andina
66,2011,6.812,1.07E+13,1.06E+13,0.501,0.826,9.858,0.548,11747134.1,10023.736,11710159.54,0.696,0.67,42.83,73.7,93.32,76.38,0.696,0.826,0.454,0.857,4.666,3.055,Risaralda,Andina
66,2012,6.556,1.1E+13,1.09E+13,0.481,0.832,9.454,0.525,12036069.61,9966.468,11995493.2,0.696,0.666,42.98,74.05,91.19,75.09,0.695,0.832,0.437,0.86,4.56,3.004,Risaralda,Andina
66,2013,6.658,1.18E+13,1.18E+13,0.477,0.837,9.187,0.51,12906432.39,10654.249,12856259.24,0.706,0.666,42.49,74.39,85.86,75.28,0.705,0.837,0.444,0.85,4.293,3.011,Risaralda,Andina
66,2014,6.589,1.24E+13,1.23E+13,0.478,0.842,9.313,0.517,13457052.95,10981.394,13403969.72,0.71,0.668,41.11,74.73,84.11,76.47,0.71,0.842,0.439,0.822,4.206,3.059,Risaralda,Andina
66,2015,7.491,1.27E+13,1.26E+13,0.51,0.847,9.385,0.521,13704943.8,10698.645,13656599.37,0.706,0.678,43.22,75.05,83.32,76.6,0.706,0.847,0.499,0.864,4.166,3.064,Risaralda,Andina
66,2016,7.638,1.3E+13,1.3E+13,0.52,0.852,9.554,0.531,14022213.5,10758.68,13966300.9,0.707,0.683,44.93,75.38,82.95,76.03,0.707,0.852,0.509,0.899,4.148,3.041,Risaralda,Andina
66,2017,8.169,1.32E+13,1.32E+13,0.531,0.857,9.32,0.518,14117543.98,10593.276,14068047.09,0.705,0.686,45.42,75.69,82.04,75.63,0.704,0.857,0.545,0.908,4.102,3.025,Risaralda,Andina
66,2018,8.195,1.36E+13,1.35E+13,0.564,0.87,10.482,0.582,14364512.67,10827.528,14315730.68,0.708,0.706,49.19,76.53,96.23,84.42,0.708,0.87,0.546,0.984,4.812,3.377,Risaralda,Andina
66,2019,7.734,1.4E+13,1.39E+13,0.552,0.871,10.583,0.588,14665652.42,10984.465,14617657.85,0.71,0.707,50.47,76.64,95.57,86.25,0.71,0.871,0.516,1.009,4.779,3.45,Risaralda,Andina
66,2020,8.288,1.31E+13,1.31E+13,0.571,0.846,10.609,0.589,13646067.7,10484.028,13598837.03,0.703,0.704,52.26,75.01,94.52,87.35,0.703,0.846,0.553,1.045,4.726,3.494,Risaralda,Andina
66,2021,8.324,1.47E+13,1.47E+13,0.571,0.821,10.576,0.588,15225033.79,11215.681,15179075.73,0.713,0.699,54.18,73.39,94.64,88.7,0.713,0.821,0.555,1.084,4.732,3.548,Risaralda,Andina
66,2022,8.303,1.6E+13,1.6E+13,0.565,0.848,10.384,0.577,16542271.85,11863.792,16502532.88,0.722,0.71,54.51,75.1,92.85,86.06,0.721,0.848,0.554,1.09,4.643,3.442,Risaralda,Andina
68,2011,6.405,4.47E+13,4.28E+13,0.486,0.86,9.801,0.544,22146920.6,18145.462,21198310.11,0.792,0.687,48.1,75.9,92.88,77.28,0.786,0.86,0.427,0.962,4.644,3.091,Santander,Andina
68,2012,6.562,4.58E+13,4.39E+13,0.491,0.864,9.798,0.544,22492026.41,17883.066,21523793.65,0.79,0.7,46.84,76.19,92.89,77.82,0.783,0.864,0.437,0.937,4.645,3.113,Santander,Andina
68,2013,6.652,4.77E+13,4.56E+13,0.495,0.869,9.833,0.546,23168765.79,18351.255,22144075.51,0.794,0.7,48.09,76.48,92.92,80.27,0.787,0.869,0.443,0.962,4.646,3.211,Santander,Andina
68,2014,6.751,5.21E+13,4.98E+13,0.508,0.873,10.192,0.566,25096738.57,19626.229,23955918.51,0.805,0.705,47,76.76,93.33,81.72,0.797,0.873,0.45,0.94,4.667,3.269,Santander,Andina
68,2015,7.57,5.2E+13,4.96E+13,0.538,0.878,10.285,0.571,24796146.27,18541.171,23667422.61,0.796,0.709,47.84,77.04,94.34,82.45,0.789,0.878,0.505,0.957,4.717,3.298,Santander,Andina
68,2016,7.838,5.32E+13,5.1E+13,0.547,0.882,10.28,0.571,25083272.1,18543.065,24071542.83,0.795,0.71,50.45,77.31,94.75,83,0.789,0.882,0.523,1.009,4.738,3.32,Santander,Andina
68,2017,8.32,5.41E+13,5.19E+13,0.57,0.886,10.532,0.585,25187760.74,18206.752,24178869.05,0.792,0.715,51.23,77.58,95.04,85.29,0.786,0.886,0.555,1.025,4.752,3.412,Santander,Andina
68,2018,8.29,5.49E+13,5.26E+13,0.557,0.896,10.12,0.562,25147108.84,18209.967,24076499.4,0.793,0.741,49.63,78.22,94.88,83.83,0.786,0.896,0.553,0.993,4.744,3.353,Santander,Andina
68,2019,8.271,5.65E+13,5.43E+13,0.572,0.897,10.675,0.593,25256970.35,18235.143,24266550.26,0.792,0.736,49.96,78.3,94.58,84.7,0.786,0.897,0.551,0.999,4.729,3.388,Santander,Andina
68,2020,8.522,5.14E+13,4.96E+13,0.577,0.873,10.558,0.587,22509794.19,16740.937,21714676,0.779,0.71,51.23,76.72,93.45,85.52,0.773,0.873,0.568,1.025,4.673,3.421,Santander,Andina
68,2021,8.307,5.65E+13,5.48E+13,0.569,0.824,10.516,0.584,24432584.43,17523.638,23716137.33,0.785,0.727,53.3,73.58,93.03,86.89,0.78,0.824,0.554,1.066,4.652,3.476,Santander,Andina
68,2022,8.212,5.95E+13,5.8E+13,0.566,0.862,10.515,0.584,25482073.97,17867.337,24853463.35,0.787,0.733,53.91,76.04,93.72,84.59,0.783,0.862,0.547,1.078,4.686,3.384,Santander,Andina
70,2011,6.425,5.55E+12,5.52E+12,0.492,0.846,10.01,0.556,6652611.695,5656.331,6607969.004,0.611,0.713,40.46,75.02,101.38,76.16,0.61,0.846,0.428,0.809,5.069,3.046,Sucre,Caribe
70,2012,6.513,5.86E+12,5.82E+12,0.476,0.849,9.307,0.517,6946141.097,5736.18,6903980.883,0.613,0.715,38.11,75.16,95.1,73.72,0.612,0.849,0.434,0.762,4.755,2.949,Sucre,Caribe
70,2013,6.71,6.13E+12,6.09E+12,0.49,0.851,9.587,0.533,7206481.83,5929.915,7155503.837,0.618,0.719,39.63,75.3,95.7,75.42,0.617,0.851,0.447,0.793,4.785,3.017,Sucre,Caribe
70,2014,6.756,6.47E+12,6.42E+12,0.492,0.853,9.616,0.534,7527767.057,6122.96,7473729.168,0.623,0.729,39.86,75.43,95.99,75.59,0.622,0.853,0.45,0.797,4.8,3.024,Sucre,Caribe
70,2015,8.064,6.58E+12,6.53E+12,0.54,0.855,9.755,0.542,7580170.22,5899.993,7531219.058,0.617,0.737,42.25,75.57,95,73.13,0.616,0.855,0.538,0.845,4.75,2.925,Sucre,Caribe
70,2016,8.273,6.81E+12,6.76E+12,0.545,0.857,9.707,0.539,7758344.894,5939.459,7710264.388,0.618,0.741,44.8,75.7,96.01,74.19,0.617,0.857,0.552,0.896,4.801,2.968,Sucre,Caribe
70,2017,8.445,6.98E+12,6.93E+12,0.55,0.859,9.666,0.537,7856867.761,5876.397,7803953.361,0.616,0.749,44.05,75.84,95.21,76.17,0.615,0.859,0.563,0.881,4.761,3.047,Sucre,Caribe
70,2018,8.263,7.11E+12,7.06E+12,0.542,0.862,9.602,0.533,7855493.518,5902.142,7803579.44,0.617,0.749,41.67,76.05,95.33,75.31,0.616,0.862,0.551,0.833,4.767,3.012,Sucre,Caribe
70,2019,8.285,7.37E+12,7.32E+12,0.54,0.864,9.492,0.527,7928779.466,5918.963,7876703.597,0.617,0.754,41.9,76.14,94.94,76.35,0.616,0.864,0.552,0.838,4.747,3.054,Sucre,Caribe
70,2020,8.388,6.94E+12,6.89E+12,0.545,0.867,9.542,0.53,7304431.913,5591.303,7252480.832,0.609,0.743,43.08,76.36,92.84,77.21,0.608,0.867,0.559,0.862,4.642,3.088,Sucre,Caribe
70,2021,8.622,7.71E+12,7.66E+12,0.553,0.835,9.578,0.532,7977975.781,5855.627,7924887.535,0.616,0.726,45.28,74.27,92.24,78.67,0.615,0.835,0.575,0.906,4.612,3.147,Sucre,Caribe
70,2022,8.665,8.11E+12,8.06E+12,0.561,0.858,9.793,0.544,8268325.95,5906.176,8215489.24,0.617,0.738,46.7,75.77,91.68,77.34,0.616,0.858,0.578,0.934,4.584,3.094,Sucre,Caribe
73,2011,6.63,1.53E+13,1.42E+13,0.478,0.842,9.262,0.515,11648957.45,9264.446,10823124.71,0.695,0.65,41.33,74.72,86.48,71.66,0.684,0.842,0.442,0.827,4.324,2.866,Tolima,Andina
73,2012,6.38,1.58E+13,1.47E+13,0.461,0.845,8.957,0.498,12028476.98,9276.028,11164490.29,0.696,0.646,39.77,74.93,85.71,71.82,0.684,0.845,0.425,0.795,4.286,2.873,Tolima,Andina
73,2013,6.48,1.66E+13,1.57E+13,0.464,0.848,8.939,0.497,12612029.67,9869.121,11908862.23,0.702,0.653,40.52,75.14,83.99,73.08,0.694,0.848,0.432,0.81,4.2,2.923,Tolima,Andina
73,2014,6.413,1.72E+13,1.64E+13,0.467,0.852,9.126,0.507,13026093.23,10182.698,12429075.76,0.705,0.656,40.72,75.35,84.15,72.77,0.698,0.852,0.428,0.814,4.208,2.911,Tolima,Andina
73,2015,7.29,1.74E+13,1.67E+13,0.496,0.855,9.12,0.507,13158216.48,9881.163,12613100.76,0.7,0.671,42.41,75.56,83.09,71.52,0.694,0.855,0.486,0.848,4.155,2.861,Tolima,Andina
73,2016,7.433,1.77E+13,1.71E+13,0.506,0.858,9.283,0.516,13381266.94,9962.979,12933367.3,0.7,0.673,44.23,75.77,82.47,71.2,0.695,0.858,0.496,0.885,4.124,2.848,Tolima,Andina
73,2017,7.947,1.79E+13,1.73E+13,0.517,0.861,9.072,0.504,13524110.14,9811.331,13029610.7,0.698,0.675,43.79,75.97,81.39,71.88,0.693,0.861,0.53,0.876,4.07,2.875,Tolima,Andina
73,2018,7.951,1.81E+13,1.75E+13,0.563,0.868,10.729,0.596,13622063.83,9963.091,13172805.27,0.7,0.674,46.72,76.45,98.2,83.51,0.695,0.868,0.53,0.934,4.91,3.34,Tolima,Andina
73,2019,7.917,1.85E+13,1.79E+13,0.555,0.87,10.468,0.582,13863283.1,10081.42,13415922.97,0.702,0.674,48.77,76.55,97.58,85.03,0.697,0.87,0.528,0.975,4.879,3.401,Tolima,Andina
73,2020,8.053,1.72E+13,1.66E+13,0.561,0.848,10.524,0.585,12665272.87,9458.602,12268756.26,0.692,0.674,51.47,75.12,97.01,85.93,0.687,0.848,0.537,1.029,4.851,3.437,Tolima,Andina
73,2021,7.931,1.88E+13,1.83E+13,0.564,0.81,10.774,0.599,13802834.62,9929.897,13438922.43,0.699,0.668,53.61,72.68,98.01,88.41,0.695,0.81,0.529,1.072,4.901,3.536,Tolima,Andina
73,2022,7.885,1.96E+13,1.91E+13,0.554,0.84,10.468,0.582,14328977.41,10057.703,13990262.94,0.7,0.679,53.68,74.62,98.62,85.87,0.697,0.84,0.526,1.074,4.931,3.435,Tolima,Andina
76,2011,6.855,6.67E+13,6.65E+13,0.495,0.813,9.576,0.532,15350568.54,13110.018,15315687.72,0.737,0.672,42.06,72.86,86.83,72.17,0.737,0.813,0.457,0.841,4.342,2.887,Valle del Cauca,Pacífica
76,2012,7.296,6.92E+13,6.9E+13,0.505,0.818,9.421,0.523,15874268.58,13157.255,15835876.99,0.737,0.667,40.62,73.14,86.16,71.21,0.737,0.818,0.486,0.812,4.308,2.848,Valle del Cauca,Pacífica
76,2013,7.444,7.22E+13,7.21E+13,0.507,0.822,9.327,0.518,16527277.79,13662.287,16485996.12,0.743,0.672,40.61,73.42,84.98,71.27,0.743,0.822,0.496,0.812,4.249,2.851,Valle del Cauca,Pacífica
76,2014,7.497,7.59E+13,7.57E+13,0.502,0.826,9.064,0.504,17317051.59,14157.153,17280323.84,0.748,0.675,39.12,73.7,83.48,70.81,0.748,0.826,0.5,0.782,4.174,2.832,Valle del Cauca,Pacífica
76,2015,8.272,7.81E+13,7.79E+13,0.527,0.83,9.039,0.502,17755473.59,13881.192,17719055.45,0.745,0.684,39.64,73.97,82.63,69.59,0.745,0.83,0.551,0.793,4.132,2.784,Valle del Cauca,Pacífica
76,2016,8.392,8E+13,7.99E+13,0.531,0.834,9.04,0.502,18126712.17,13937.21,18092486,0.746,0.688,41.43,74.24,78.38,69.91,0.746,0.834,0.559,0.829,3.919,2.796,Valle del Cauca,Pacífica
76,2017,8.822,8.14E+13,8.13E+13,0.54,0.839,8.861,0.492,18374719.39,13813.991,18345210.37,0.745,0.692,40.74,74.51,76.38,71.03,0.744,0.839,0.588,0.815,3.819,2.841,Valle del Cauca,Pacífica
76,2018,8.666,8.42E+13,8.4E+13,0.534,0.852,8.816,0.49,18805725.13,14200.72,18775631.07,0.749,0.711,40.2,75.41,76.19,71.45,0.749,0.852,0.578,0.804,3.81,2.858,Valle del Cauca,Pacífica
76,2019,8.71,8.7E+13,8.69E+13,0.541,0.854,9.027,0.502,19309305.65,14485.632,19276861.57,0.752,0.709,41.95,75.53,76.71,72.69,0.752,0.854,0.581,0.839,3.836,2.908,Valle del Cauca,Pacífica
76,2020,9.005,8.19E+13,8.18E+13,0.551,0.847,9.019,0.501,17863871.53,13755.686,17842506.17,0.744,0.7,44.44,75.05,77.11,73.15,0.744,0.847,0.6,0.889,3.856,2.926,Valle del Cauca,Pacífica
76,2021,8.946,9.02E+13,9.01E+13,0.553,0.81,9.158,0.509,19553595.92,14431.63,19531476.17,0.751,0.691,47.88,72.64,76.54,72.48,0.751,0.81,0.596,0.958,3.827,2.899,Valle del Cauca,Pacífica
76,2022,8.783,9.75E+13,9.74E+13,0.536,0.84,8.773,0.487,21074343.99,15139.257,21058704.81,0.758,0.698,47.39,74.58,75.32,68.57,0.758,0.84,0.586,0.948,3.766,2.743,Valle del Cauca,Pacífica
81,2011,8.331,5.08E+12,2.58E+12,0.471,0.807,6.944,0.386,22043197.34,9577.965,11189391.4,0.792,0.684,31.49,72.45,71.09,55.36,0.689,0.807,0.555,0.63,3.555,2.214,Arauca,Orinoquía
81,2012,8.313,4.82E+12,2.6E+12,0.466,0.814,6.814,0.379,20745762.71,9311.855,11207610.82,0.778,0.69,29.81,72.88,70.61,54.47,0.685,0.814,0.554,0.596,3.531,2.179,Arauca,Orinoquía
81,2013,8.317,4.67E+12,2.65E+12,0.469,0.82,6.912,0.384,19922180.09,9352.928,11285982.99,0.771,0.696,27.78,73.29,69.81,54.13,0.686,0.82,0.554,0.556,3.491,2.165,Arauca,Orinoquía
81,2014,8.105,4.31E+12,2.66E+12,0.456,0.826,6.683,0.371,18188978.22,9188.072,11215027.95,0.756,0.698,27.6,73.7,70.83,54.71,0.683,0.826,0.54,0.552,3.542,2.188,Arauca,Orinoquía
81,2015,8.563,4.53E+12,2.83E+12,0.475,0.832,6.81,0.378,18910018.77,9248.366,11805348.79,0.755,0.707,28.37,74.1,71.95,55.91,0.684,0.832,0.571,0.567,3.598,2.236,Arauca,Orinoquía
81,2016,8.701,4.27E+12,2.74E+12,0.49,0.838,7.182,0.399,17492694.27,8649.523,11228314.42,0.741,0.707,30.26,74.49,73.41,56.6,0.674,0.838,0.58,0.605,3.671,2.264,Arauca,Orinoquía
81,2017,7.877,4.17E+12,2.76E+12,0.462,0.844,7.198,0.4,16637102.04,8310.118,11035975.05,0.73,0.711,30.87,74.88,73.96,58.4,0.668,0.844,0.525,0.617,3.698,2.336,Arauca,Orinoquía
81,2018,7.907,4.29E+12,2.79E+12,0.51,0.852,8.867,0.493,16375888.93,8034.928,10623464.69,0.728,0.723,36.66,75.36,93.81,74.65,0.663,0.852,0.527,0.733,4.691,2.986,Arauca,Orinoquía
81,2019,7.786,4.6E+12,2.91E+12,0.503,0.854,8.773,0.487,16408857.29,7794.793,10372977.9,0.727,0.724,37.31,75.48,91.77,73.22,0.658,0.854,0.519,0.746,4.589,2.929,Arauca,Orinoquía
81,2020,7.916,4.57E+12,2.85E+12,0.514,0.826,9.011,0.501,15678911.06,7541.84,9782523.926,0.724,0.717,37.32,73.68,90.7,74.91,0.653,0.826,0.528,0.746,4.535,2.996,Arauca,Orinoquía
81,2021,7.983,4.78E+12,3.11E+12,0.513,0.789,8.876,0.493,15897419.19,7634.92,10332946.3,0.72,0.709,37.53,71.3,91.4,74.78,0.655,0.789,0.532,0.751,4.57,2.991,Arauca,Orinoquía
81,2022,7.79,4.82E+12,3.16E+12,0.498,0.812,8.581,0.477,15652598,7378.693,10263761.17,0.713,0.722,39.78,72.77,89.55,70.98,0.65,0.812,0.519,0.796,4.478,2.839,Arauca,Orinoquía
85,2011,8.547,1.13E+13,5.57E+12,0.561,0.835,9.944,0.552,30564767.62,12923.124,15097349.67,0.841,0.609,42.64,74.27,99.47,82.56,0.734,0.835,0.57,0.853,4.974,3.302,Casanare,Orinoquía
85,2012,8.529,1.2E+13,5.97E+12,0.566,0.84,10.157,0.564,31903735.25,13198.201,15885159.35,0.843,0.608,44.03,74.62,102,85.4,0.738,0.84,0.569,0.881,5.1,3.416,Casanare,Orinoquía
85,2013,8.532,1.27E+13,6.18E+12,0.575,0.846,10.456,0.581,33095090.31,13387.188,16154039.71,0.848,0.611,45.46,74.97,102.07,84.85,0.74,0.846,0.569,0.909,5.104,3.394,Casanare,Orinoquía
85,2014,8.315,1.34E+13,6.65E+12,0.555,0.851,10.017,0.557,34478133.27,13988.97,17075039.44,0.852,0.613,46.18,75.3,102.1,84.71,0.746,0.851,0.554,0.924,5.105,3.388,Casanare,Orinoquía
85,2015,8.785,1.33E+13,6.95E+12,0.57,0.856,9.975,0.554,33571337.93,13745.799,17546229.4,0.842,0.618,46.95,75.63,102,83.12,0.744,0.856,0.586,0.939,5.1,3.325,Casanare,Orinoquía
85,2016,8.926,1.29E+13,6.96E+12,0.58,0.861,10.155,0.564,32059906,13279.404,17238560.67,0.832,0.623,47.43,75.95,99.15,82.2,0.738,0.861,0.595,0.949,4.958,3.288,Casanare,Orinoquía
85,2017,8.085,1.3E+13,6.99E+12,0.543,0.866,9.85,0.547,31514146.67,12793.289,16989700.72,0.826,0.627,46.06,76.27,96.81,81.76,0.733,0.866,0.539,0.921,4.841,3.27,Casanare,Orinoquía
85,2018,7.839,1.33E+13,7.11E+12,0.518,0.875,9.232,0.513,31606352.96,12796.254,16918702.45,0.827,0.643,44.09,76.86,91.01,78.86,0.733,0.875,0.523,0.882,4.551,3.154,Casanare,Orinoquía
85,2019,7.748,1.35E+13,7.32E+12,0.52,0.876,9.426,0.524,31485155.89,12831.535,17075659.16,0.826,0.641,44.98,76.96,91.44,80.9,0.733,0.876,0.517,0.9,4.572,3.236,Casanare,Orinoquía
85,2020,8.215,1.22E+13,7E+12,0.549,0.839,9.893,0.55,27600763.19,12161.407,15774565.53,0.81,0.635,47.14,74.53,92.78,82.72,0.725,0.839,0.548,0.943,4.639,3.309,Casanare,Orinoquía
85,2021,8.267,1.25E+13,7.65E+12,0.551,0.775,9.921,0.551,27645840.69,12500.135,16917430.01,0.804,0.63,49.39,70.39,93.3,82.7,0.729,0.775,0.551,0.988,4.665,3.308,Casanare,Orinoquía
85,2022,8.355,1.27E+13,7.87E+12,0.544,0.816,9.552,0.531,27642341.64,12305.532,17116992.61,0.799,0.638,49.04,73.01,92.13,80.04,0.727,0.816,0.557,0.981,4.607,3.202,Casanare,Orinoquía
86,2011,8.306,2.93E+12,1.75E+12,0.486,0.777,7.517,0.418,9630452.267,4932.542,5762408.161,0.666,0.636,27.24,70.51,82.17,56.36,0.589,0.777,0.554,0.545,4.109,2.254,Putumayo,Amazónica
86,2012,8.288,2.91E+12,1.77E+12,0.481,0.784,7.36,0.409,9370678.014,4754.156,5722031.483,0.658,0.636,27.28,70.99,78.95,57.46,0.583,0.784,0.553,0.546,3.948,2.298,Putumayo,Amazónica
86,2013,8.291,3.6E+12,2.02E+12,0.487,0.792,7.59,0.422,11395140.94,5306.419,6403145.131,0.687,0.641,27.69,71.46,76.77,60.32,0.6,0.792,0.553,0.554,3.839,2.413,Putumayo,Amazónica
86,2014,8.081,3.78E+12,2.13E+12,0.474,0.799,7.369,0.409,11746132.18,5424.311,6620953.963,0.69,0.648,28.53,71.92,76.41,63.22,0.603,0.799,0.539,0.571,3.821,2.529,Putumayo,Amazónica
86,2015,8.537,3.48E+12,2.12E+12,0.489,0.806,7.348,0.408,10618801.87,5055.239,6452908.906,0.668,0.657,29.54,72.37,75.52,63.09,0.593,0.806,0.569,0.591,3.776,2.524,Putumayo,Amazónica
86,2016,8.675,3.45E+12,2.26E+12,0.501,0.813,7.642,0.425,10323343.64,5208.686,6761617.352,0.661,0.663,32.65,72.82,73.99,64.26,0.597,0.813,0.578,0.653,3.7,2.57,Putumayo,Amazónica
86,2017,7.855,3.39E+12,2.2E+12,0.468,0.819,7.439,0.413,9936546.382,4867.574,6464218.784,0.652,0.67,33.63,73.25,71.89,63.92,0.587,0.819,0.524,0.673,3.595,2.557,Putumayo,Amazónica
86,2018,7.884,3.39E+12,2.3E+12,0.484,0.826,7.954,0.442,9744587.218,4987.927,6594840.525,0.65,0.668,36.59,73.67,80.71,71.04,0.591,0.826,0.526,0.732,4.036,2.842,Putumayo,Amazónica
86,2019,7.542,3.28E+12,2.33E+12,0.482,0.828,8.296,0.461,9281768.284,4942.321,6577030.299,0.641,0.674,37.16,73.83,81.13,72.12,0.589,0.828,0.503,0.743,4.057,2.885,Putumayo,Amazónica
86,2020,7.991,2.82E+12,2.17E+12,0.503,0.826,8.522,0.473,7737672.918,4592.488,5956918.159,0.618,0.657,39.5,73.69,80.58,73.07,0.578,0.826,0.533,0.79,4.029,2.923,Putumayo,Amazónica
86,2021,7.955,3.11E+12,2.42E+12,0.502,0.807,8.54,0.474,8380361.033,4817.583,6520019.828,0.623,0.653,39.64,72.48,81.81,72.59,0.585,0.807,0.53,0.793,4.091,2.904,Putumayo,Amazónica
86,2022,7.903,3.37E+12,2.57E+12,0.489,0.846,8.122,0.451,8945322.806,4903.914,6821343.992,0.629,0.663,39.04,74.97,81.38,67.08,0.588,0.846,0.527,0.781,4.069,2.683,Putumayo,Amazónica
88,2011,9.289,1.04E+12,1.04E+12,0.504,0.806,6.989,0.388,16802716.89,14396.422,16818520.29,0.751,0.675,39.15,72.38,68.26,59.08,0.751,0.806,0.619,0.783,3.413,2.363,"Archipiélago de San Andrés, Providencia y Santa Catalina",Caribe
88,2012,10.072,1.08E+12,1.08E+12,0.538,0.81,7.282,0.405,17492824.98,14544.934,17506067.88,0.752,0.669,39.82,72.65,69.69,60.91,0.752,0.81,0.671,0.796,3.485,2.436,"Archipiélago de San Andrés, Providencia y Santa Catalina",Caribe
88,2013,9.952,1.15E+12,1.15E+12,0.526,0.814,6.987,0.388,18651950.29,15469.933,18667243.94,0.761,0.673,39.06,72.91,66.5,62.41,0.762,0.814,0.663,0.781,3.325,2.496,"Archipiélago de San Andrés, Providencia y Santa Catalina",Caribe
88,2014,10.072,1.2E+12,1.2E+12,0.532,0.818,7.054,0.392,19501696.22,15962.645,19484120.44,0.766,0.677,38.52,73.17,68.17,61.25,0.766,0.818,0.671,0.77,3.409,2.45,"Archipiélago de San Andrés, Providencia y Santa Catalina",Caribe
88,2015,10.217,1.25E+12,1.25E+12,0.539,0.822,7.131,0.396,20405877.93,15971.919,20387825.39,0.767,0.688,39.01,73.42,67.37,60.42,0.766,0.822,0.681,0.78,3.369,2.417,"Archipiélago de San Andrés, Providencia y Santa Catalina",Caribe
88,2016,10.138,1.3E+12,1.3E+12,0.535,0.826,7.102,0.395,21265355.23,16363.032,21241549.14,0.77,0.693,38.67,73.67,70.28,60.46,0.77,0.826,0.676,0.773,3.514,2.418,"Archipiélago de San Andrés, Providencia y Santa Catalina",Caribe
88,2017,10.371,1.34E+12,1.34E+12,0.544,0.829,7.141,0.397,21899709.72,16473.265,21876769.25,0.771,0.698,37.76,73.91,67.84,59.69,0.771,0.829,0.691,0.755,3.392,2.388,"Archipiélago de San Andrés, Providencia y Santa Catalina",Caribe
88,2018,10.336,1.37E+12,1.37E+12,0.609,0.839,9.503,0.528,22402071.9,16926.803,22379951.46,0.775,0.714,50.9,74.51,92.96,84.23,0.775,0.839,0.689,1.018,4.648,3.369,"Archipiélago de San Andrés, Providencia y Santa Catalina",Caribe
88,2019,10.132,1.42E+12,1.41E+12,0.592,0.841,9.157,0.509,22660616,17011.929,22638748.74,0.776,0.711,49.97,74.67,90.97,82.13,0.776,0.841,0.675,0.999,4.549,3.285,"Archipiélago de San Andrés, Providencia y Santa Catalina",Caribe
88,2020,10.518,1.14E+12,1.14E+12,0.617,0.766,9.606,0.534,18359835.83,14138.973,18339667.31,0.748,0.707,50.87,69.76,90.69,83.01,0.748,0.766,0.701,1.017,4.535,3.32,"Archipiélago de San Andrés, Providencia y Santa Catalina",Caribe
88,2021,10.405,1.4E+12,1.4E+12,0.615,0.794,9.663,0.537,22536520.57,16629.476,22505996.94,0.773,0.702,51.05,71.58,88,83.12,0.772,0.794,0.694,1.021,4.4,3.325,"Archipiélago de San Andrés, Providencia y Santa Catalina",Caribe
88,2022,10.463,1.56E+12,1.56E+12,0.624,0.791,9.898,0.55,25134838.57,18046.734,25103004.11,0.785,0.712,56.8,71.39,93.79,87.11,0.785,0.791,0.698,1.136,4.69,3.484,"Archipiélago de San Andrés, Providencia y Santa Catalina",Caribe
91,2011,9.221,5.01E+11,5E+11,0.507,0.774,7.179,0.399,7434749.764,6352.241,7420960.979,0.627,0.636,21.91,70.28,87.23,50.65,0.627,0.774,0.615,0.438,4.362,2.026,Amazonas,Amazónica
91,2012,9.201,5.2E+11,5.19E+11,0.506,0.778,7.19,0.399,7575957.567,6284.085,7563431.228,0.626,0.637,22.31,70.56,85.62,53.33,0.625,0.778,0.613,0.446,4.281,2.133,Amazonas,Amazónica
91,2013,9.205,5.41E+11,5.41E+11,0.513,0.782,7.423,0.412,7740375.939,6405.04,7728828.19,0.629,0.641,22.09,70.83,83.96,58.22,0.628,0.782,0.614,0.442,4.198,2.329,Amazonas,Amazónica
91,2014,8.97,5.63E+11,5.62E+11,0.501,0.786,7.276,0.404,7900030.814,6463.756,7889707.258,0.63,0.639,23.09,71.09,84.93,57.69,0.63,0.786,0.598,0.462,4.247,2.308,Amazonas,Amazónica
91,2015,9.478,5.93E+11,5.92E+11,0.519,0.79,7.309,0.406,8186030.254,6401.933,8171934.968,0.629,0.646,26.52,71.35,82.75,59.41,0.628,0.79,0.632,0.53,4.138,2.376,Amazonas,Amazónica
91,2016,9.63,6.14E+11,6.12E+11,0.525,0.794,7.353,0.409,8315884.082,6393.901,8300195.86,0.628,0.649,26.64,71.6,80.27,59.77,0.628,0.794,0.642,0.533,4.014,2.391,Amazonas,Amazónica
91,2017,8.721,6.3E+11,6.29E+11,0.496,0.798,7.405,0.411,8384852.513,6301.925,8369061.163,0.626,0.64,30.05,71.85,80.56,60.67,0.626,0.798,0.581,0.601,4.028,2.427,Amazonas,Amazónica
91,2018,8.53,6.48E+11,6.47E+11,0.488,0.8,7.33,0.407,8465302.254,6390.867,8449752.616,0.628,0.639,31.51,71.97,78.33,61.51,0.628,0.8,0.569,0.63,3.917,2.46,Amazonas,Amazónica
91,2019,8.461,6.66E+11,6.65E+11,0.484,0.802,7.279,0.404,8562512.465,6423.208,8547730.463,0.629,0.638,29.73,72.12,78.9,60.64,0.629,0.802,0.564,0.595,3.945,2.426,Amazonas,Amazónica
91,2020,8.692,6.16E+11,6.15E+11,0.494,0.709,7.354,0.409,7654182.924,5892.108,7642655.432,0.616,0.606,30.42,66.07,79.55,60.21,0.616,0.709,0.579,0.608,3.978,2.408,Amazonas,Amazónica
91,2021,8.99,6.71E+11,6.7E+11,0.505,0.791,7.395,0.411,8167760.019,6026.431,8156050.571,0.619,0.638,27.98,71.39,81.29,59.36,0.619,0.791,0.599,0.56,4.065,2.374,Amazonas,Amazónica
91,2022,8.93,7.12E+11,7.12E+11,0.493,0.77,7.031,0.391,8513364.385,6112.034,8501838.388,0.621,0.628,24.85,70.06,79.44,55.18,0.621,0.77,0.595,0.497,3.972,2.207,Amazonas,Amazónica
94,2011,7.964,2.55E+11,2.27E+11,0.409,0.768,5.172,0.287,6696168.202,5112.476,5972614.127,0.612,0.711,8.42,69.95,73.59,28.88,0.594,0.768,0.531,0.168,3.68,1.155,Guainía,Amazónica
94,2012,7.947,2.73E+11,2.46E+11,0.406,0.775,5.083,0.282,6947455.82,5185.975,6241762.72,0.613,0.712,8.24,70.36,72.5,28.38,0.596,0.775,0.53,0.165,3.625,1.135,Guainía,Amazónica
94,2013,7.95,2.9E+11,2.62E+11,0.406,0.781,5.064,0.281,7137075.419,5347.377,6452568.533,0.616,0.713,9.12,70.76,69.02,30.32,0.601,0.781,0.53,0.182,3.451,1.213,Guainía,Amazónica
94,2014,7.748,2.92E+11,2.64E+11,0.403,0.787,5.208,0.289,6958561.887,5157.499,6295280.362,0.611,0.716,8.03,71.16,71.08,34.22,0.596,0.787,0.517,0.161,3.554,1.369,Guainía,Amazónica
94,2015,8.186,3.07E+11,2.74E+11,0.422,0.793,5.364,0.298,7098587.044,4962.073,6333983.718,0.607,0.725,8.16,71.56,72.75,35.9,0.59,0.793,0.546,0.163,3.638,1.436,Guainía,Amazónica
94,2016,8.317,3.07E+11,2.78E+11,0.433,0.799,5.595,0.311,6854049.921,4787.955,6215448.961,0.599,0.727,9.01,71.95,75.91,35.5,0.584,0.799,0.554,0.18,3.796,1.42,Guainía,Amazónica
94,2017,7.534,3.04E+11,2.83E+11,0.411,0.805,5.747,0.319,6578665.767,4603.117,6113015.388,0.59,0.733,8.82,72.33,78.83,36.62,0.578,0.805,0.502,0.176,3.942,1.465,Guainía,Amazónica
94,2018,7.379,3.13E+11,2.94E+11,0.371,0.8,4.511,0.251,6509566.596,4624.335,6114113.818,0.589,0.735,6.79,72,61.95,28.93,0.579,0.8,0.492,0.136,3.098,1.157,Guainía,Amazónica
94,2019,7.148,3.22E+11,3.02E+11,0.378,0.805,5.02,0.279,6518431.442,4581.788,6097248.313,0.588,0.735,8.69,72.3,67.19,31.46,0.578,0.805,0.477,0.174,3.36,1.258,Guainía,Amazónica
94,2020,7.662,2.94E+11,2.82E+11,0.399,0.63,5.173,0.287,5646039.167,4180.619,5422682.975,0.57,0.731,10.73,60.95,69.96,33.54,0.564,0.63,0.511,0.215,3.498,1.342,Guainía,Amazónica
94,2021,7.822,3.33E+11,3.13E+11,0.42,0.629,5.73,0.318,6212145.108,4315.705,5840788.672,0.578,0.717,10.83,60.91,77.39,36.78,0.569,0.629,0.521,0.217,3.87,1.471,Guainía,Amazónica
94,2022,7.657,3.37E+11,3.2E+11,0.398,0.646,5.129,0.285,6109542.867,4176.454,5809447.377,0.571,0.734,10.26,62.02,67.74,33.86,0.564,0.646,0.51,0.205,3.387,1.354,Guainía,Amazónica
95,2011,8.152,5.61E+11,5.58E+11,0.443,0.809,6.175,0.343,7615812.09,6490.144,7582065.176,0.631,0.596,20.08,72.6,65.42,45.16,0.63,0.809,0.543,0.402,3.271,1.806,Guaviare,Amazónica
95,2012,8.134,5.81E+11,5.78E+11,0.429,0.815,5.7,0.317,7819416.866,6466.945,7783518.901,0.63,0.598,19.62,72.97,58.24,43.64,0.63,0.815,0.542,0.392,2.912,1.746,Guaviare,Amazónica
95,2013,8.138,6.09E+11,6.06E+11,0.433,0.821,5.836,0.324,8110664.87,6690.469,8073249.223,0.636,0.601,20.89,73.34,55.21,44.04,0.635,0.821,0.543,0.418,2.761,1.762,Guaviare,Amazónica
95,2014,7.931,6.47E+11,6.44E+11,0.414,0.826,5.37,0.298,8504686.465,6936.289,8466484.88,0.641,0.6,20.72,73.7,54.26,43.26,0.64,0.826,0.529,0.414,2.713,1.73,Guaviare,Amazónica
95,2015,8.379,6.77E+11,6.74E+11,0.425,0.832,5.247,0.292,8759674.664,6830.687,8719230.99,0.639,0.607,19.45,74.06,54.02,40.88,0.638,0.832,0.559,0.389,2.701,1.635,Guaviare,Amazónica
95,2016,8.514,6.76E+11,6.73E+11,0.439,0.837,5.574,0.31,8577197.011,6583.066,8545758.825,0.633,0.61,21.19,74.41,53.38,41.52,0.632,0.837,0.568,0.424,2.669,1.661,Guaviare,Amazónica
95,2017,7.709,6.92E+11,6.9E+11,0.411,0.842,5.53,0.307,8601130.081,6453.858,8570831.359,0.63,0.602,21.57,74.75,53.29,43.54,0.629,0.842,0.514,0.431,2.665,1.742,Guaviare,Amazónica
95,2018,7.759,6.93E+11,6.91E+11,0.485,0.85,8.154,0.453,8377479.289,6314.361,8348598.656,0.627,0.587,31.14,75.25,82.1,66.5,0.626,0.85,0.517,0.623,4.105,2.66,Guaviare,Amazónica
95,2019,7.385,7.15E+11,7.12E+11,0.463,0.851,7.809,0.434,8436631.821,6318.676,8408624.048,0.627,0.59,30.38,75.29,79.69,68.44,0.626,0.851,0.492,0.608,3.985,2.738,Guaviare,Amazónica
95,2020,7.753,6.86E+11,6.84E+11,0.481,0.784,8.024,0.446,7703520.72,5920.537,7679531.364,0.617,0.533,34.28,70.95,76.41,67.8,0.616,0.784,0.517,0.686,3.821,2.712,Guaviare,Amazónica
95,2021,7.744,7.43E+11,7.41E+11,0.484,0.773,8.142,0.452,8102661.154,5970.161,8079895.221,0.618,0.542,35.69,70.26,77.95,68.88,0.618,0.773,0.516,0.714,3.898,2.755,Guaviare,Amazónica
95,2022,7.907,7.75E+11,7.73E+11,0.473,0.772,7.532,0.418,8191151.117,5871.046,8166623.784,0.616,0.538,32.05,70.21,73.53,64.47,0.615,0.772,0.527,0.641,3.677,2.579,Guaviare,Amazónica
97,2011,9.188,2.01E+11,2.01E+11,0.441,0.653,4.844,0.269,6112308.384,5215.912,6093452.663,0.598,0.682,9.73,62.47,65.41,29.04,0.597,0.653,0.613,0.195,3.271,1.162,Vaupés,Amazónica
97,2012,9.168,2.01E+11,2.01E+11,0.44,0.66,4.83,0.268,5893149.075,4881.224,5874969.434,0.588,0.687,9.36,62.92,63.35,31.81,0.587,0.66,0.611,0.187,3.168,1.272,Vaupés,Amazónica
97,2013,9.172,2.17E+11,2.16E+11,0.444,0.667,4.981,0.277,6136597.928,5061.438,6107531.364,0.593,0.691,8.94,63.36,63.88,33.2,0.593,0.667,0.611,0.179,3.194,1.328,Vaupés,Amazónica
97,2014,8.938,2.25E+11,2.24E+11,0.433,0.674,4.868,0.27,6156043.735,5022.283,6130235.469,0.592,0.692,11.1,63.79,62.37,34.17,0.592,0.674,0.596,0.222,3.119,1.367,Vaupés,Amazónica
97,2015,9.444,2.33E+11,2.32E+11,0.455,0.68,5.038,0.28,6202285.827,4837.955,6175549.429,0.587,0.701,11.59,64.22,64.42,35.56,0.586,0.68,0.63,0.232,3.221,1.422,Vaupés,Amazónica
97,2016,9.595,2.36E+11,2.35E+11,0.464,0.687,5.2,0.289,6083408.035,4668.457,6060322.523,0.581,0.704,12.67,64.64,63.33,38.09,0.581,0.687,0.64,0.253,3.167,1.524,Vaupés,Amazónica
97,2017,8.692,2.39E+11,2.39E+11,0.438,0.693,5.336,0.296,6012910.718,4512.48,5992648.942,0.576,0.708,14.03,65.06,65.39,39.27,0.575,0.693,0.579,0.281,3.27,1.571,Vaupés,Amazónica
97,2018,8.633,2.48E+11,2.47E+11,0.408,0.67,4.317,0.24,6081774.255,4583.991,6060772.587,0.578,0.712,11.35,63.55,51.12,30.54,0.578,0.67,0.576,0.227,2.556,1.222,Vaupés,Amazónica
97,2019,8.111,2.57E+11,2.56E+11,0.393,0.676,4.431,0.246,6011736.658,4501.871,5990897.899,0.576,0.716,13.08,63.93,55.02,29.99,0.575,0.676,0.541,0.262,2.751,1.2,Vaupés,Amazónica
97,2020,8.862,2.42E+11,2.41E+11,0.422,0.651,4.544,0.252,5602601.03,4305.961,5585263.96,0.569,0.714,13.32,62.33,54.96,31.22,0.568,0.651,0.591,0.266,2.748,1.249,Vaupés,Amazónica
97,2021,8.851,2.67E+11,2.66E+11,0.421,0.649,4.534,0.252,6010319.105,4427.907,5992639.443,0.573,0.705,12.82,62.18,55.63,32.97,0.573,0.649,0.59,0.256,2.782,1.319,Vaupés,Amazónica
97,2022,9.003,2.72E+11,2.72E+11,0.426,0.637,4.529,0.252,5976548.51,4284.944,5960356.327,0.568,0.712,13.69,61.43,55.93,34.3,0.568,0.637,0.6,0.274,2.797,1.372,Vaupés,Amazónica
99,2011,8.199,4.37E+11,4.34E+11,0.426,0.68,5.481,0.305,4773141.177,4056.874,4739414.292,0.56,0.564,15.54,64.23,74.47,32.89,0.559,0.68,0.547,0.311,3.724,1.316,Vichada,Orinoquía
99,2012,8.181,4.55E+11,4.53E+11,0.415,0.687,5.105,0.284,4845961.991,4010.715,4827236.64,0.558,0.563,15.01,64.66,66.96,33.37,0.558,0.687,0.545,0.3,3.348,1.335,Vichada,Orinoquía
99,2013,8.185,4.88E+11,4.85E+11,0.43,0.694,5.66,0.314,5081894.745,4186.227,5051432.543,0.565,0.568,14.01,65.09,74.82,36.74,0.564,0.694,0.546,0.28,3.741,1.47,Vichada,Orinoquía
99,2014,7.977,4.9E+11,4.82E+11,0.421,0.7,5.569,0.309,4987452.706,4021.42,4908574.119,0.56,0.566,14.2,65.51,74.82,36.18,0.558,0.7,0.532,0.284,3.741,1.447,Vichada,Orinoquía
99,2015,8.428,5.29E+11,5.27E+11,0.441,0.707,5.749,0.319,5271599.671,4114.119,5251587.887,0.562,0.574,14.94,65.93,79.35,34.6,0.561,0.707,0.562,0.299,3.968,1.384,Vichada,Orinoquía
99,2016,8.563,5.29E+11,5.27E+11,0.448,0.713,5.836,0.324,5149653.659,3954.354,5133315.76,0.556,0.577,14.69,66.33,80.09,34.58,0.555,0.713,0.571,0.294,4.005,1.383,Vichada,Orinoquía
99,2017,7.754,5.41E+11,5.4E+11,0.419,0.719,5.763,0.32,5152095.496,3867.094,5135564.658,0.553,0.569,14.91,66.74,79.59,33.87,0.552,0.719,0.517,0.298,3.98,1.355,Vichada,Orinoquía
99,2018,7.578,5.56E+11,5.54E+11,0.367,0.692,4.102,0.228,5159649.255,3889.797,5142936.107,0.553,0.552,9.36,65.01,56.68,24.06,0.553,0.692,0.505,0.187,2.834,0.962,Vichada,Orinoquía
99,2019,7.612,5.81E+11,5.79E+11,0.373,0.698,4.281,0.238,5254965.025,3936.666,5238746.537,0.555,0.548,8.73,65.35,59.19,25,0.555,0.698,0.507,0.175,2.96,1,Vichada,Orinoquía
99,2020,7.901,5.57E+11,5.56E+11,0.392,0.779,4.63,0.257,4833845.477,3718.845,4823714.741,0.547,0.547,9.9,70.66,64.7,26.74,0.546,0.779,0.527,0.198,3.235,1.07,Vichada,Orinoquía
99,2021,8.091,6.08E+11,6.06E+11,0.413,0.807,5.165,0.287,5137197.055,3788.298,5127005.462,0.549,0.548,11.05,72.46,72.92,28.49,0.549,0.807,0.539,0.221,3.646,1.14,Vichada,Orinoquía
99,2022,7.587,6.15E+11,6.14E+11,0.4,0.792,5.289,0.294,5084354.942,3647.915,5074248.596,0.544,0.544,11.58,71.46,76.02,28.91,0.543,0.792,0.506,0.232,3.801,1.156,Vichada,Orinoquía
-99,2011,7.142089752,6.85E+14,6.41E+14,0.473,0.838,8.473,0.471,15366453.610,12309.099,14380019.71,,0.683,35.258,74.5,85.859,63.767,0.727,0.838,0.476,0.705,4.293,2.551,Colombia,National Average
-99,2012,7.231651436,7.11E+14,6.65E+14,0.470,0.842,8.239,0.458,15808670.320,12279.808,14779795.13,,0.683,34.301,74.74,83.598,63.67,0.727,0.842,0.482,0.686,4.18,2.547,Colombia,National Average
-99,2013,7.335380641,7.48E+14,6.99E+14,0.475,0.846,8.302,0.461,16461757.560,12751.883,15387430.23,,0.688,34.628,74.98,82.34,64.894,0.732,0.846,0.489,0.693,4.117,2.596,Colombia,National Average
-99,2014,7.289842304,7.82E+14,7.33E+14,0.474,0.849,8.303,0.461,17040701.820,13101.760,15992103.96,,0.69,34.373,75.21,81.641,65.44,0.736,0.849,0.486,0.687,4.082,2.618,Colombia,National Average
-99,2015,8.099922359,8.05E+14,7.57E+14,0.502,0.853,8.369,0.465,17374741.380,12805.839,16346389.16,,0.699,35.323,75.44,81.195,64.784,0.733,0.853,0.540,0.706,4.06,2.591,Colombia,National Average
-99,2016,8.276196951,8.21E+14,7.75E+14,0.510,0.857,8.418,0.468,17541895.480,12752.235,16554219.08,,0.702,36.846,75.68,81.182,65.096,0.732,0.857,0.552,0.737,4.059,2.604,Colombia,National Average
-99,2017,8.347785588,8.33E+14,7.89E+14,0.510,0.860,8.359,0.464,17559469.580,12529.972,16640010.8,,0.703,37.047,75.9,80.603,65.796,0.73,0.86,0.557,0.741,4.03,2.632,Colombia,National Average
-99,2018,8.222638641,8.54E+14,8.11E+14,0.522,0.869,8.909,0.495,17696532.350,12712.514,16807984.1,,0.71,39.026,76.46,86.96,71.365,0.732,0.869,0.548,0.781,4.348,2.855,Colombia,National Average
-99,2019,8.181523443,8.81E+14,8.38E+14,0.522,0.870,8.979,0.499,17840103.340,12740.961,16955127.13,,0.711,39.791,76.57,86.812,72.057,0.732,0.87,0.545,0.796,4.341,2.882,Colombia,National Average
-99,2020,8.452994198,8.17E+14,7.8E+14,0.532,0.853,9.011,0.501,16214107.360,11935.621,15481698.64,,0.705,41.305,75.44,86.167,72.895,0.722,0.853,0.564,0.826,4.308,2.916,Colombia,National Average
-99,2021,8.458032188,9.07E+14,8.71E+14,0.535,0.818,9.105,0.506,17750362.700,12584.209,17031213.93,,0.6965,42.6,73.18,86.651,73.735,0.73,0.818,0.564,0.852,4.333,2.949,Colombia,National Average
-99,2022,8.42373947,9.73195E+14,9.35917E+14,0.531,0.849,9.001,0.500,18830183.390,13018.622,18108901.34,,0.707,43.151,75.21,86.035,71.844,0.735,0.849,0.562,0.863,4.302,2.874,Colombia,National Average